Item Title,Publication Title,Book Series Title,Journal Volume,Journal Issue,Item DOI,Authors,Publication Year,URL,Content Type
"ECR 2019: Book of Abstracts","Insights into Imaging","","10","1","10.1186/s13244-019-0713-y","","2019","http://link.springer.com/article/10.1186/s13244-019-0713-y","Article"
"ECR 2018 - BOOK OF ABSTRACTS","Insights into Imaging","","9","1","10.1007/s13244-018-0603-8","","2018","http://link.springer.com/article/10.1007/s13244-018-0603-8","Article"
"Annual Congress of the European Association of Nuclear Medicine October 12 – 16, 2019 Barcelona, Spain","European Journal of Nuclear Medicine and Molecular Imaging","","46","1","10.1007/s00259-019-04486-2","","2019","http://link.springer.com/article/10.1007/s00259-019-04486-2","Article"
"ECR 2020 Book of Abstracts","Insights into Imaging","","11","1","10.1186/s13244-020-00851-0","","2020","http://link.springer.com/article/10.1186/s13244-020-00851-0","Article"
"ESMRMB 2019, 36th Annual Scientific Meeting, Rotterdam, NL, October 3–October 5: Abstracts, Saturday","Magnetic Resonance Materials in Physics, Biology and Medicine","","32","1","10.1007/s10334-019-00755-1","","2019","http://link.springer.com/article/10.1007/s10334-019-00755-1","Article"
"CARS 2018—Computer Assisted Radiology and Surgery Proceedings of the 32nd International Congress and Exhibition Berlin, Germany, June 20–23, 2018","International Journal of Computer Assisted Radiology and Surgery","","13","1","10.1007/s11548-018-1766-y","","2018","http://link.springer.com/article/10.1007/s11548-018-1766-y","Article"
"CARS 2019—Computer Assisted Radiology and Surgery Proceedings of the 33rd International Congress and Exhibition, Rennes, France, June 18–21, 2019","International Journal of Computer Assisted Radiology and Surgery","","14","1","10.1007/s11548-019-01969-3","","2019","http://link.springer.com/article/10.1007/s11548-019-01969-3","Article"
"European Association of Nuclear Medicine October 22 – 30, 2020 Virtual","European Journal of Nuclear Medicine and Molecular Imaging","","47","1","10.1007/s00259-020-04988-4","","2020","http://link.springer.com/article/10.1007/s00259-020-04988-4","Article"
"ESMRMB 2019, 36th Annual Scientific Meeting, Rotterdam, NL, October 3–October 5: Abstracts, Friday","Magnetic Resonance Materials in Physics, Biology and Medicine","","32","1","10.1007/s10334-019-00754-2","","2019","http://link.springer.com/article/10.1007/s10334-019-00754-2","Article"
"Deep learning applications in pulmonary medical imaging: recent updates and insights on COVID-19","Machine Vision and Applications","","31","6","10.1007/s00138-020-01101-5","Hanan FarhatGeorge E. SakrRima Kilany","2020","http://link.springer.com/article/10.1007/s00138-020-01101-5","Article"
"Abstracts of the 51st Annual Conference of the Italian Society of Neurology","Neurological Sciences","","41","1","10.1007/s10072-020-04753-3","","2020","http://link.springer.com/article/10.1007/s10072-020-04753-3","Article"
"28th Annual Computational Neuroscience Meeting: CNS*2019","BMC Neuroscience","","20","1","10.1186/s12868-019-0538-0","","2019","http://link.springer.com/article/10.1186/s12868-019-0538-0","Article"
"Annual Congress of the European Association of Nuclear Medicine October 13 – 17, 2018 Düsseldorf, Germany","European Journal of Nuclear Medicine and Molecular Imaging","","45","1","10.1007/s00259-018-4148-3","","2018","http://link.springer.com/article/10.1007/s00259-018-4148-3","Article"
"ESMRMB 2020 Online, 37th Annual Scientific Meeting, September
30–October 2: Lightning Talks / Electronic Posters / Clinical Review
Posters / Software Exhibits","Magnetic Resonance Materials in Physics, Biology and Medicine","","33","1","10.1007/s10334-020-00876-y","","2020","http://link.springer.com/article/10.1007/s10334-020-00876-y","Article"
"Medical Image Analysis using Convolutional Neural Networks: A Review","Journal of Medical Systems","","42","11","10.1007/s10916-018-1088-1","Syed Muhammad AnwarMuhammad MajidAdnan QayyumMuhammad AwaisMajdi AlnowamiMuhammad Khurram Khan","2018","http://link.springer.com/article/10.1007/s10916-018-1088-1","Article"
"29th Annual Computational Neuroscience Meeting: CNS*2020","BMC Neuroscience","","21","1","10.1186/s12868-020-00593-1","","2020","http://link.springer.com/article/10.1186/s12868-020-00593-1","Article"
"A Review of Deep Learning on Medical Image Analysis","Mobile Networks and Applications","","26","1","10.1007/s11036-020-01672-7","Jian WangHengde ZhuShui-Hua WangYu-Dong Zhang","2021","http://link.springer.com/article/10.1007/s11036-020-01672-7","Article"
"Deep transfer learning for alzheimer neurological disorder detection","Multimedia Tools and Applications","","","","10.1007/s11042-020-10331-8","Abida AshrafSaeeda NazSyed Hamad ShiraziImran RazzakMukesh Parsad","2021","http://link.springer.com/article/10.1007/s11042-020-10331-8","Article"
"Deep Learning for Medical Image Processing: Overview, Challenges and the Future","Classification in BioApps","","","","10.1007/978-3-319-65981-7_12","Muhammad Imran RazzakSaeeda NazAhmad Zaib","2018","http://link.springer.com/chapter/10.1007/978-3-319-65981-7_12","Chapter"
"The Role of Deep Learning in Improving Healthcare","Data Science for Healthcare","","","","10.1007/978-3-030-05249-2_3","Stefan ThalerVlado Menkovski","2019","http://link.springer.com/chapter/10.1007/978-3-030-05249-2_3","Chapter"
"Review of deep learning: concepts, CNN architectures, challenges, applications, future directions","Journal of Big Data","","8","1","10.1186/s40537-021-00444-8","Laith AlzubaidiJinglan ZhangAmjad J. HumaidiAyad Al-DujailiYe DuanOmran Al-ShammaJ. SantamaríaMohammed A. FadhelMuthana Al-AmidieLaith Farhan","2021","http://link.springer.com/article/10.1186/s40537-021-00444-8","Article"
"3D-Deep Learning Based Automatic Diagnosis of Alzheimer’s Disease with Joint MMSE Prediction Using Resting-State fMRI","Neuroinformatics","","18","1","10.1007/s12021-019-09419-w","Nguyen Thanh DucSeungjun RyuMuhammad Naveed Iqbal QureshiMin ChoiKun Ho LeeBoreom Lee","2020","http://link.springer.com/article/10.1007/s12021-019-09419-w","Article"
"54th EASD Annual Meeting of the European Association for the Study of Diabetes","Diabetologia","","61","1","10.1007/s00125-018-4693-0","","2018","http://link.springer.com/article/10.1007/s00125-018-4693-0","Article"
"Medical Image Classification Techniques and Analysis Using Deep Learning Networks: A Review","Health Informatics: A Computational Perspective in Healthcare","","","","10.1007/978-981-15-9735-0_13","Arpit Kumar SharmaAmita NandalArvind DhakaRahul Dixit","2021","http://link.springer.com/chapter/10.1007/978-981-15-9735-0_13","Chapter"
"Global research on artificial intelligence-enhanced human electroencephalogram analysis","Neural Computing and Applications","","","","10.1007/s00521-020-05588-x","Xieling ChenXiaohui TaoFu Lee WangHaoran Xie","2021","http://link.springer.com/article/10.1007/s00521-020-05588-x","Article"
"Abstracts from the 2020 Annual Meeting of the Society of General Internal Medicine","Journal of General Internal Medicine","","35","1","10.1007/s11606-020-05890-3","","2020","http://link.springer.com/article/10.1007/s11606-020-05890-3","Article"
"55th EASD Annual Meeting of the European Association for the Study of Diabetes","Diabetologia","","62","1","10.1007/s00125-019-4946-6","","2019","http://link.springer.com/article/10.1007/s00125-019-4946-6","Article"
"Deep Learning","Artificial Intelligence Basics","","","","10.1007/978-1-4842-5028-0_4","Tom Taulli","2019","http://link.springer.com/chapter/10.1007/978-1-4842-5028-0_4","Chapter"
"Deep Learning and Neurology: A Systematic Review","Neurology and Therapy","","8","2","10.1007/s40120-019-00153-8","Aly Al-Amyn VallianiDaniel RantiEric Karl Oermann","2019","http://link.springer.com/article/10.1007/s40120-019-00153-8","Article"
"XXIst Symposium Neuroradiologicum","Neuroradiology","","60","1","10.1007/s00234-018-1983-7","","2018","http://link.springer.com/article/10.1007/s00234-018-1983-7","Article"
"SRI 2020: Scientific Abstracts","Reproductive Sciences","","27","1","10.1007/s43032-020-00176-9","","2020","http://link.springer.com/article/10.1007/s43032-020-00176-9","Article"
"Deep learning for heterogeneous medical data analysis","World Wide Web","","23","5","10.1007/s11280-019-00764-z","Lin YueDongyuan TianWeitong ChenXuming HanMinghao Yin","2020","http://link.springer.com/article/10.1007/s11280-019-00764-z","Article"
"Applications of deep learning for the analysis of medical data","Archives of Pharmacal Research","","42","6","10.1007/s12272-019-01162-9","Hyun-Jong JangKyung-Ok Cho","2019","http://link.springer.com/article/10.1007/s12272-019-01162-9","Article"
"Deep Learning Architectures for Medical Diagnosis","New Trends in Computational Vision and Bio-inspired Computing","","","","10.1007/978-3-030-41862-5_161","Vishakha MalikS. Maheswari","2020","http://link.springer.com/chapter/10.1007/978-3-030-41862-5_161","Chapter"
"Ensemble of 3D Densely Connected Convolutional Network for Diagnosis of Mild Cognitive Impairment and Alzheimer’s Disease","Deep Learning Applications","","","","10.1007/978-981-15-1816-4_4","Shuqiang WangHongfei WangAlbert C. CheungYanyan ShenMin Gan","2020","http://link.springer.com/chapter/10.1007/978-981-15-1816-4_4","Chapter"
"Enhancing of dataset using DeepDream, fuzzy color image enhancement and hypercolumn techniques to detection of the Alzheimer's disease stages by deep learning model","Neural Computing and Applications","","","","10.1007/s00521-021-05758-5","Mesut ToğaçarZafer CömertBurhan Ergen","2021","http://link.springer.com/article/10.1007/s00521-021-05758-5","Article"
"Applications of Deep Learning in Healthcare and Biomedicine","Deep Learning Techniques for Biomedical and Health Informatics","","","","10.1007/978-3-030-33966-1_4","Shubham MittalYasha Hasija","2020","http://link.springer.com/chapter/10.1007/978-3-030-33966-1_4","Chapter"
"Deep Learning and Its Applications in Medical Imaging","Internet of Things for Healthcare Technologies","","","","10.1007/978-981-15-4112-4_7","Farzaneh Mansouri MusoluSaeid Sadeghi DarvazehIman Raeesi Vanani","2021","http://link.springer.com/chapter/10.1007/978-981-15-4112-4_7","Chapter"
"Deep Learning Techniques for Electronic Health Record (EHR) Analysis","Bio-inspired Neurocomputing","","","","10.1007/978-981-15-5495-7_5","T. PoongodiD. SumathiP. SureshBalamurugan Balusamy","2021","http://link.springer.com/chapter/10.1007/978-981-15-5495-7_5","Chapter"
"Deep Learning and Deep Knowledge Representation of EEG Data","Time-Space, Spiking Neural Networks and Brain-Inspired Artificial Intelligence","","","","10.1007/978-3-662-57715-8_8","Nikola K. Kasabov","2019","http://link.springer.com/chapter/10.1007/978-3-662-57715-8_8","Chapter"
"Intelligent, Secure Big Health Data Management Using Deep Learning and Blockchain Technology: An Overview","Deep Learning Techniques for Biomedical and Health Informatics","","","","10.1007/978-3-030-33966-1_10","Sohail SaifSuparna BiswasSamiran Chattopadhyay","2020","http://link.springer.com/chapter/10.1007/978-3-030-33966-1_10","Chapter"
"56th EASD Annual Meeting of the European Association for the Study of Diabetes","Diabetologia","","63","1","10.1007/s00125-020-05221-5","","2020","http://link.springer.com/article/10.1007/s00125-020-05221-5","Article"
"Abstracts from the 2019 Annual Meeting of the Society of General Internal Medicine","Journal of General Internal Medicine","","34","2","10.1007/s11606-019-05007-5","","2019","http://link.springer.com/article/10.1007/s11606-019-05007-5","Article"
"Computer-Aided Therapeutic of Alzheimer’s Disease Eulogizing Pattern Classification and Deep Learning Protruded on Tree-Based Learning Method","Progress in Advanced Computing and Intelligent Engineering","","","","10.1007/978-981-10-6875-1_11","P. S. Jagadeesh Kumar","2018","http://link.springer.com/chapter/10.1007/978-981-10-6875-1_11","Chapter"
"A bibliometric and visual analysis of artificial intelligence technologies-enhanced brain MRI research","Multimedia Tools and Applications","","","","10.1007/s11042-020-09062-7","Xieling ChenXinxin ZhangHaoran XieXiaohui TaoFu Lee WangNengfu XieTianyong Hao","2020","http://link.springer.com/article/10.1007/s11042-020-09062-7","Article"
"Multi-Modality Cascaded Convolutional Neural Networks for Alzheimer’s Disease Diagnosis","Neuroinformatics","","16","3 - 4","10.1007/s12021-018-9370-4","Manhua LiuDanni ChengKundong WangYaping Wang","2018","http://link.springer.com/article/10.1007/s12021-018-9370-4","Article"
"Artificial Intelligence","Digital Fluency","","","","10.1007/978-1-4842-6774-5_4","Volker Lang","2021","http://link.springer.com/chapter/10.1007/978-1-4842-6774-5_4","Chapter"
"Case Study: Deep Convolutional Networks in Healthcare","Development and Analysis of Deep Learning Architectures","","","","10.1007/978-3-030-31764-5_3","Mutlu AvciMehmet SarıgülBuse Melis Ozyildirim","2020","http://link.springer.com/chapter/10.1007/978-3-030-31764-5_3","Chapter"
"Abstracts","Clinical Neuroradiology","","29","1","10.1007/s00062-019-00826-9","","2019","http://link.springer.com/article/10.1007/s00062-019-00826-9","Article"
"Effect of Data Augmentation of F-18-Florbetaben Positron-Emission Tomography Images by Using Deep Learning Convolutional Neural Network Architecture for Amyloid Positive Patients","Journal of the Korean Physical Society","","75","8","10.3938/jkps.75.597","Hyun Jin YoonYoung Jin JeongDo-Young KangHyun KangKang Kuk YeoJi Eun JeongKyung Won ParkGo Eun ChoiSeong-Wook Ha","2019","http://link.springer.com/article/10.3938/jkps.75.597","Article"
"Introduction","Computational Methods for Deep Learning","","","","10.1007/978-3-030-61081-4_1","Wei Qi Yan","2021","http://link.springer.com/chapter/10.1007/978-3-030-61081-4_1","Chapter"
"34th Annual Meeting & Pre-Conference Programs of the Society for Immunotherapy of Cancer (SITC 2019): part 1","Journal for ImmunoTherapy of Cancer","","7","1","10.1186/s40425-019-0763-1","","2019","http://link.springer.com/article/10.1186/s40425-019-0763-1","Article"
"Brain MRI analysis for Alzheimer’s disease diagnosis using an ensemble system of deep convolutional neural networks","Brain Informatics","","5","2","10.1186/s40708-018-0080-3","Jyoti IslamYanqing Zhang","2018","http://link.springer.com/article/10.1186/s40708-018-0080-3","Article"
"Deep Convolutional Neural Networks for Automated Diagnosis of Alzheimer’s Disease and Mild Cognitive Impairment Using 3D Brain MRI","Brain Informatics","","","","10.1007/978-3-030-05587-5_34","Jyoti IslamYanqing Zhang","2018","http://link.springer.com/chapter/10.1007/978-3-030-05587-5_34","Chapter"
"Deep learning in Nuclear Medicine—focus on CNN-based approaches for PET/CT and PET/MR: where do we stand?","Clinical and Translational Imaging","","9","1","10.1007/s40336-021-00411-6","Margarita KirienkoMatteo BiroliFabrizia GelardiEttore SeregniArturo ChitiMartina Sollini","2021","http://link.springer.com/article/10.1007/s40336-021-00411-6","Article"
"27th Annual Computational Neuroscience Meeting (CNS*2018): Part One","BMC Neuroscience","","19","2","10.1186/s12868-018-0452-x","","2018","http://link.springer.com/article/10.1186/s12868-018-0452-x","Article"
"ESNR 2019","Neuroradiology","","61","1","10.1007/s00234-019-02263-4","","2019","http://link.springer.com/article/10.1007/s00234-019-02263-4","Article"
"Trends in Deep Learning Applications","Deep Learning Applications","","","","10.1007/978-981-15-1816-4_1","M. Arif WaniMehmed KantardzicMoamar Sayed-Mouchaweh","2020","http://link.springer.com/chapter/10.1007/978-981-15-1816-4_1","Chapter"
"Deep Learning in Mining Biological Data","Cognitive Computation","","13","1","10.1007/s12559-020-09773-x","Mufti MahmudM. Shamim KaiserT. Martin McGinnityAmir Hussain","2021","http://link.springer.com/article/10.1007/s12559-020-09773-x","Article"
"Abstracts from the 39th Congress of the Société Internationale d’Urologie, Athens, Greece, October 17-20, 2019","World Journal of Urology","","37","1","10.1007/s00345-019-02955-9","","2019","http://link.springer.com/article/10.1007/s00345-019-02955-9","Article"
"Posters","The Journal of Prevention of Alzheimer's Disease","","5","1","10.14283/jpad.2018.40","","2018","http://link.springer.com/article/10.14283/jpad.2018.40","Article"
"ROM-Based Deep Learning Inference for Sleep Stage Classification","Intelligent Systems and Applications","","","","10.1007/978-3-030-29516-5_66","Mohamed H. AlMeerHanadi HassenNaveed Nawaz","2020","http://link.springer.com/chapter/10.1007/978-3-030-29516-5_66","Chapter"
"Springer: Deep Learning in eHealth","Handbook of Deep Learning Applications","","","","10.1007/978-3-030-11479-4_14","Peter Wlodarczak","2019","http://link.springer.com/chapter/10.1007/978-3-030-11479-4_14","Chapter"
"The state of the art of deep learning models in medical science and their challenges","Multimedia Systems","","","","10.1007/s00530-020-00694-1","Chandradeep BhattIndrajeet KumarV. VijayakumarKamred Udham SinghAbhishek Kumar","2020","http://link.springer.com/article/10.1007/s00530-020-00694-1","Article"
"Deep convolutional neural networks with transfer learning for automated brain image classification","Machine Vision and Applications","","31","3","10.1007/s00138-020-01069-2","Taranjit KaurTapan Kumar Gandhi","2020","http://link.springer.com/article/10.1007/s00138-020-01069-2","Article"
"From Artificial Intelligence to Deep Learning in Bio-medical Applications","Deep Learners and Deep Learner Descriptors for Medical Applications","","","","10.1007/978-3-030-42750-4_10","Olga Lucia Quintero MontoyaJuan Guillermo Paniagua","2020","http://link.springer.com/chapter/10.1007/978-3-030-42750-4_10","Chapter"
"Deep understanding of 3-D multimedia information retrieval on social media: implications and challenges","Iran Journal of Computer Science","","2","2","10.1007/s42044-019-00030-5","Ritika WasonVishal JainGagandeep Singh NarulaAnupam Balyan","2019","http://link.springer.com/article/10.1007/s42044-019-00030-5","Article"
"Convolutional Neural Networks-An Extensive arena of Deep Learning. A Comprehensive Study","Archives of Computational Methods in Engineering","","","","10.1007/s11831-021-09551-4","Navdeep SinghHiteshwari Sabrol","2021","http://link.springer.com/article/10.1007/s11831-021-09551-4","Article"
"A deep feature-based real-time system for Alzheimer disease stage detection","Multimedia Tools and Applications","","","","10.1007/s11042-020-09087-y","Hina NawazMuazzam MaqsoodSitara AfzalFarhan AadilIrfan MehmoodSeungmin Rho","2020","http://link.springer.com/article/10.1007/s11042-020-09087-y","Article"
"Data-Driven Approaches for Spatio-Temporal Analysis: A Survey of the State-of-the-Arts","Journal of Computer Science and Technology","","35","3","10.1007/s11390-020-9349-0","Monidipa DasSoumya K. Ghosh","2020","http://link.springer.com/article/10.1007/s11390-020-9349-0","Article"
"Classification of Alzheimer’s Disease Using Deep Convolutional Spiking Neural Network","Neural Processing Letters","","","","10.1007/s11063-021-10514-w","Regina Esi TurksonHong QuCobbinah Bernard MawuliMoses J. Eghan","2021","http://link.springer.com/article/10.1007/s11063-021-10514-w","Article"
"Deep learning detection of informative features in tau PET for Alzheimer’s disease classification","BMC Bioinformatics","","21","21","10.1186/s12859-020-03848-0","Taeho JoKwangsik NhoShannon L. RisacherAndrew J. Saykin","2020","http://link.springer.com/article/10.1186/s12859-020-03848-0","Article"
"Classification of MRI Migraine Medical Data Using 3D Convolutional Neural Network","Artificial Neural Networks and Machine Learning – ICANN 2018","","","","10.1007/978-3-030-01424-7_30","Hwei Geok NgMatthias KerzelJan MehnertArne MayStefan Wermter","2018","http://link.springer.com/chapter/10.1007/978-3-030-01424-7_30","Chapter"
"Survey on Deep Learning Techniques for Medical Imaging Application Area","Machine Learning Paradigms","","","","10.1007/978-3-030-49724-8_7","Shymaa Abou ArkoubAmir Hajjam El HassaniFabrice LauriMohammad HajjarBassam DayaSophie HecquetSébastien Aubry","2020","http://link.springer.com/chapter/10.1007/978-3-030-49724-8_7","Chapter"
"Deep Learning for Predictive Analytics in Healthcare","The International Conference on Advanced Machine Learning Technologies and Applications (AMLTA2019)","","","","10.1007/978-3-030-14118-9_4","Anandhavalli MuniasamySehrish TabassamMohammad A. HussainHabeeba SultanaVasanthi MuniasamyRoheet Bhatnagar","2020","http://link.springer.com/chapter/10.1007/978-3-030-14118-9_4","Chapter"
"Deep Learning and the Future of Biomedical Image Analysis","Deep Learning Techniques for Biomedical and Health Informatics","","","","10.1007/978-3-030-33966-1_15","Monika JyotiyanaNishtha Kesswani","2020","http://link.springer.com/chapter/10.1007/978-3-030-33966-1_15","Chapter"
"Psychiatric Disorders Classification with 3D Convolutional Neural Networks","Recent Advances in Big Data and Deep Learning","","","","10.1007/978-3-030-16841-4_6","Stefano CampeseIvano LauriolaCristina ScarpazzaGiuseppe SartoriFabio Aiolli","2020","http://link.springer.com/chapter/10.1007/978-3-030-16841-4_6","Chapter"
"Age Prediction Based on Brain MRI Image: A Survey","Journal of Medical Systems","","43","8","10.1007/s10916-019-1401-7","Hedieh SajediNastaran Pardakhti","2019","http://link.springer.com/article/10.1007/s10916-019-1401-7","Article"
"SCIENTIFIC ABSTRACTS","Journal of General Internal Medicine","","33","2","10.1007/s11606-018-4413-y","","2018","http://link.springer.com/article/10.1007/s11606-018-4413-y","Article"
"A deep learning framework for 18F-FDG PET imaging diagnosis in pediatric patients with temporal lobe epilepsy","European Journal of Nuclear Medicine and Molecular Imaging","","","","10.1007/s00259-020-05108-y","Qinming ZhangYi LiaoXiawan WangTeng ZhangJianhua FengJianing DengKexin ShiLin ChenLiu FengMindi MaLe XueHaifeng HouXiaofeng DouCongcong YuLei RenYao Ding","2021","http://link.springer.com/article/10.1007/s00259-020-05108-y","Article"
"Automatic Recognition of the Early Stage of Alzheimer’s Disease Based on Discrete Wavelet Transform and Reduced Deep Convolutional Neural Network","Innovation in Electrical Power Engineering, Communication, and Computing Technology","","","","10.1007/978-981-15-2305-2_43","Bhanja Kishor SwainMrutyunjaya SahaniRenu Sharma","2020","http://link.springer.com/chapter/10.1007/978-981-15-2305-2_43","Chapter"
"Boosting Traditional Healthcare-Analytics with Deep Learning AI: Techniques, Frameworks and Challenges","Enabling AI Applications in Data Science","","","","10.1007/978-3-030-52067-0_15","Prabha Susy MathewAnitha S. Pillai","2021","http://link.springer.com/chapter/10.1007/978-3-030-52067-0_15","Chapter"
"Handling of uncertainty in medical data using machine learning and probability theory techniques: a review of 30 years (1991–2020)","Annals of Operations Research","","","","10.1007/s10479-021-04006-2","Roohallah AlizadehsaniMohamad RoshanzamirSadiq HussainAbbas KhosraviAfsaneh KoohestaniMohammad Hossein ZangooeiMoloud AbdarAdham BeykikhoshkAfshin ShoeibiAssef ZareMaryam PanahiazarSaeid NahavandiDipti SrinivasanAmir F. AtiyaU. Rajendra Acharya","2021","http://link.springer.com/article/10.1007/s10479-021-04006-2","Article"
"Diagnosis Method of Alzheimer’s Disease in PET Image Based on CNN Multi-mode Network","Human Centered Computing","","","","10.1007/978-3-030-70626-5_24","Shupei WuHe Huang","2021","http://link.springer.com/chapter/10.1007/978-3-030-70626-5_24","Chapter"
"Exploration of Magnetic Resonance Imaging for Prognosis of Alzheimer’s Disease Using Convolutional Neural Network","Artificial Intelligence Techniques for Advanced Computing Applications","","","","10.1007/978-981-15-5329-5_15","M. S. RoobiniM. Lakshmi","2021","http://link.springer.com/chapter/10.1007/978-981-15-5329-5_15","Chapter"
"A Fast and Accurate 3D Fine-Tuning Convolutional Neural Network for Alzheimer’s Disease Diagnosis","Artificial Intelligence","","","","10.1007/978-981-13-2122-1_9","Hao TangErlin YaoGuangming TanXiuhua Guo","2018","http://link.springer.com/chapter/10.1007/978-981-13-2122-1_9","Chapter"
"Auxiliary diagnosis of heterogeneous data of Parkinson’s disease based on improved convolution neural network","Multimedia Tools and Applications","","79","33 - 34","10.1007/s11042-020-08984-6","Dai YinYiqi ZhaoYang WangWenpu ZhaoXiaoming Hu","2020","http://link.springer.com/article/10.1007/s11042-020-08984-6","Article"
"Anatomical-Landmark-Based Deep Learning for Alzheimer’s Disease Diagnosis with Structural Magnetic Resonance Imaging","Deep Learning in Healthcare","","","","10.1007/978-3-030-32606-7_8","Mingxia LiuChunfeng LianDinggang Shen","2020","http://link.springer.com/chapter/10.1007/978-3-030-32606-7_8","Chapter"
"A Brief View on Medical Diagnosis Applications with Deep Learning","Deep Learning for Medical Decision Support Systems","","","","10.1007/978-981-15-6325-6_3","Utku KoseOmer DeperliogluJafar AlzubiBogdan Patrut","2021","http://link.springer.com/chapter/10.1007/978-981-15-6325-6_3","Chapter"
"Deep Learning of Multisensory Streaming Data for Predictive Modelling with Applications in Finance, Ecology, Transport and Environment","Time-Space, Spiking Neural Networks and Brain-Inspired Artificial Intelligence","","","","10.1007/978-3-662-57715-8_19","Nikola K. Kasabov","2019","http://link.springer.com/chapter/10.1007/978-3-662-57715-8_19","Chapter"
"Deep Learning in Multimodal Medical Image Analysis","Health Information Science","","","","10.1007/978-3-030-32962-4_18","Yan Xu","2019","http://link.springer.com/chapter/10.1007/978-3-030-32962-4_18","Chapter"
"Computational Intelligence for Brain Tumors Detection","New Approaches for Multidimensional Signal Processing","","","","10.1007/978-981-33-4676-5_1","Abdel-Badeeh M. Salem","2021","http://link.springer.com/chapter/10.1007/978-981-33-4676-5_1","Chapter"
"Brain Tumor Segmentation Using OTSU Embedded Adaptive Particle Swarm Optimization Method and Convolutional Neural Network","Data Visualization and Knowledge Engineering","","","","10.1007/978-3-030-25797-2_8","Surbhi VijhShilpi SharmaPrashant Gaurav","2020","http://link.springer.com/chapter/10.1007/978-3-030-25797-2_8","Chapter"
"EPSM 2018, Engineering and Physical Sciences in Medicine","Australasian Physical & Engineering Sciences in Medicine","","42","1","10.1007/s13246-019-00724-x","","2019","http://link.springer.com/article/10.1007/s13246-019-00724-x","Article"
"Functional Brain Network Classification for Alzheimer’s Disease Detection with Deep Features and Extreme Learning Machine","Cognitive Computation","","12","3","10.1007/s12559-019-09688-2","Xin BiXiangguo ZhaoHong HuangDeyang ChenYuliang Ma","2020","http://link.springer.com/article/10.1007/s12559-019-09688-2","Article"
"Generalization of deep learning models for ultra-low-count amyloid PET/MRI using transfer learning","European Journal of Nuclear Medicine and Molecular Imaging","","47","13","10.1007/s00259-020-04897-6","Kevin T. ChenMatti SchürerJiahong OuyangMary Ellen I. KoranGuido DavidzonElizabeth MorminoSolveig TiepoltKarl-Titus HoffmannOsama SabriGreg ZaharchukHenryk Barthel","2020","http://link.springer.com/article/10.1007/s00259-020-04897-6","Article"
"Early Diagnosis of Alzheimer’s Disease Based on Deep Learning and GWAS","Human Brain and Artificial Intelligence","","","","10.1007/978-981-15-1398-5_4","Dan PanYin HuangAn ZengLongfei JiaXiaowei Song","2019","http://link.springer.com/chapter/10.1007/978-981-15-1398-5_4","Chapter"
"Applications of AI Beyond Image Interpretation","Artificial Intelligence in Medical Imaging","","","","10.1007/978-3-319-94878-2_11","José M. MoreyNora M. HaneyWoojin Kim","2019","http://link.springer.com/chapter/10.1007/978-3-319-94878-2_11","Chapter"
"Amyloid PET Quantification Via End-to-End Training of a Deep Learning","Nuclear Medicine and Molecular Imaging","","53","5","10.1007/s13139-019-00610-0","Ji-Young KimHoon Young SuhHyun Gee RyooDongkyu OhHongyoon ChoiJin Chul PaengGi Jeong CheonKeon Wook KangDong Soo Lee","2019","http://link.springer.com/article/10.1007/s13139-019-00610-0","Article"
"Early Detection of Alzheimer’s Disease Using Deep Learning","Advances in Artificial Intelligence","","","","10.1007/978-3-319-89656-4_40","Laura McCrackin","2018","http://link.springer.com/chapter/10.1007/978-3-319-89656-4_40","Chapter"
"Magnetic Resonance Imaging Classification Methods: A Review","Nanoelectronics, Circuits and Communication Systems","","","","10.1007/978-981-15-7486-3_38","Nikhil PateriaDilip KumarSunil Kumar","2021","http://link.springer.com/chapter/10.1007/978-981-15-7486-3_38","Chapter"
"A CNN–RNN–LSTM Based Amalgamation for Alzheimer’s Disease Detection","Journal of Medical and Biological Engineering","","40","5","10.1007/s40846-020-00556-1","Mohit DuaDrishti MakhijaP. Y. L. ManasaPrashant Mishra","2020","http://link.springer.com/article/10.1007/s40846-020-00556-1","Article"
"A CNN based framework for classification of Alzheimer’s disease","Neural Computing and Applications","","","","10.1007/s00521-021-05799-w","Yousry AbdulAzeemWaleed M. BahgatMahmoud Badawy","2021","http://link.springer.com/article/10.1007/s00521-021-05799-w","Article"
"Detecting Alzheimer’s Disease by Exploiting Linguistic Information from Nepali Transcript","Neural Information Processing","","","","10.1007/978-3-030-63820-7_20","Surendrabikram ThapaSurabhi AdhikariUsman NaseemPriyanka SinghGnana BharathyMukesh Prasad","2020","http://link.springer.com/chapter/10.1007/978-3-030-63820-7_20","Chapter"
"Deep Learning-Based Segmentation in Classification of Alzheimer’s Disease","Arabian Journal for Science and Engineering","","","","10.1007/s13369-020-05193-z","P. R. BuvaneswariR. Gayathri","2021","http://link.springer.com/article/10.1007/s13369-020-05193-z","Article"
"Feature Learning to Automatically Assess Radiographic Knee Osteoarthritis Severity","Deep Learners and Deep Learner Descriptors for Medical Applications","","","","10.1007/978-3-030-42750-4_2","Joseph AntonyKevin McGuinnessKieran MoranNoel E. O’Connor","2020","http://link.springer.com/chapter/10.1007/978-3-030-42750-4_2","Chapter"
"Translation of 1D Inverse Fourier Transform of K-space to an Image Based on Deep Learning for Accelerating Magnetic Resonance Imaging","Medical Image Computing and Computer Assisted Intervention – MICCAI 2018","","","","10.1007/978-3-030-00928-1_28","Taejoon EoHyungseob ShinTaeseong KimYohan JunDosik Hwang","2018","http://link.springer.com/chapter/10.1007/978-3-030-00928-1_28","Chapter"
"Use of Deep Learning for Disease Detection and Diagnosis","Bio-inspired Neurocomputing","","","","10.1007/978-981-15-5495-7_10","Sushruta MishraAnuttam DashLambodar Jena","2021","http://link.springer.com/chapter/10.1007/978-981-15-5495-7_10","Chapter"
"Abstracts","Virchows Archiv","","475","1","10.1007/s00428-019-02631-8","","2019","http://link.springer.com/article/10.1007/s00428-019-02631-8","Article"
"Understanding Deep Learning: Case Study Based Approach","Deep Learning and Edge Computing Solutions for High Performance Computing","","","","10.1007/978-3-030-60265-9_9","Manisha GalphadeNilkamal MoreV. B. NikamBiplab BanerjeeArvind W. Kiwelekar","2021","http://link.springer.com/chapter/10.1007/978-3-030-60265-9_9","Chapter"
"A 3D Convolutional Neural Network for Bacterial Image Classification","Intelligence in Big Data Technologies—Beyond the Hype","","","","10.1007/978-981-15-5285-4_42","T. S. R. MhatheshJ. AndrewK. Martin SagayamLawrence Henesey","2021","http://link.springer.com/chapter/10.1007/978-981-15-5285-4_42","Chapter"
"Convolutional Neural Network-Based Diagnosis of Alzheimer’s Disease Using Time–Frequency Features","Advances in Computational Intelligence and Informatics","","","","10.1007/978-981-15-3338-9_38","Nilesh KulkarniAnuradha SalviSaurabh Parhad","2020","http://link.springer.com/chapter/10.1007/978-981-15-3338-9_38","Chapter"
"EEG-based deep learning model for the automatic detection of clinical depression","Physical and Engineering Sciences in Medicine","","43","4","10.1007/s13246-020-00938-4","Pristy Paul ThoduparambilAnna DominicSurekha Mariam Varghese","2020","http://link.springer.com/article/10.1007/s13246-020-00938-4","Article"
"Convolutional neural networks in medical image understanding: a survey","Evolutionary Intelligence","","","","10.1007/s12065-020-00540-3","D. R. SarvamangalaRaghavendra V. Kulkarni","2021","http://link.springer.com/article/10.1007/s12065-020-00540-3","Article"
"3D Convolutional Neural Networks for Classification of Functional Connectomes","Deep Learning in Medical Image Analysis and Multimodal Learning for Clinical Decision Support","","","","10.1007/978-3-030-00889-5_16","Meenakshi KhoslaKeith JamisonAmy KuceyeskiMert R. Sabuncu","2018","http://link.springer.com/chapter/10.1007/978-3-030-00889-5_16","Chapter"
"Artificial Intelligence Approach in Melanoma","Melanoma","","","","10.1007/978-1-4614-7147-9_43","Clara Curiel-LewandrowskiRoberto A. NovoaElizabeth BerryM. Emre CelebiNoel CodellaFelipe GiusteDavid GutmanAllan HalpernSancy LeachmanYuan LiuYun LiuOfer ReiterPhilipp Tschandl","2019","http://link.springer.com/referenceworkentry/10.1007/978-1-4614-7147-9_43","ReferenceWorkEntry"
"Artificial Intelligence Approach in Melanoma","Melanoma","","","","10.1007/978-1-4614-7322-0_43-1","Clara Curiel-LewandrowskiRoberto A. NovoaElizabeth BerryM. Emre CelebiNoel CodellaFelipe GiusteDavid GutmanAllan HalpernSancy LeachmanYuan LiuYun LiuOfer ReiterPhilipp Tschandl","2019","http://link.springer.com/referenceworkentry/10.1007/978-1-4614-7322-0_43-1","ReferenceWorkEntry"
"Classification of Alzheimer’s Disease Based on Eight-Layer Convolutional Neural Network with Leaky Rectified Linear Unit and Max Pooling","Journal of Medical Systems","","42","5","10.1007/s10916-018-0932-7","Shui-Hua WangPreetha PhillipsYuxiu SuiBin LiuMing YangHong Cheng","2018","http://link.springer.com/article/10.1007/s10916-018-0932-7","Article"
"EEG signal classification using LSTM and improved neural network algorithms","Soft Computing","","24","13","10.1007/s00500-019-04515-0","P. NagabushanamS. Thomas GeorgeS. Radha","2020","http://link.springer.com/article/10.1007/s00500-019-04515-0","Article"
"Trends and Features of Human Brain Research Using Artificial Intelligence Techniques: A Bibliometric Approach","Human Brain and Artificial Intelligence","","","","10.1007/978-981-15-1398-5_5","Xieling ChenXinxin ZhangHaoran XieFu Lee WangJun YanTianyong Hao","2019","http://link.springer.com/chapter/10.1007/978-981-15-1398-5_5","Chapter"
"A deep learning approach for Parkinson’s disease diagnosis from EEG signals","Neural Computing and Applications","","32","15","10.1007/s00521-018-3689-5","Shu Lih OhYuki HagiwaraU. RaghavendraRajamanickam YuvarajN. ArunkumarM. MurugappanU. Rajendra Acharya","2020","http://link.springer.com/article/10.1007/s00521-018-3689-5","Article"
"Artificial Intelligence in Drug Discovery: A Comprehensive Review of Data-driven and Machine Learning Approaches","Biotechnology and Bioprocess Engineering","","25","6","10.1007/s12257-020-0049-y","Hyunho KimEunyoung KimIngoo LeeBongsung BaeMinsu ParkHojung Nam","2020","http://link.springer.com/article/10.1007/s12257-020-0049-y","Article"
"Siamese Neural Networks: An Overview","Artificial Neural Networks","","","","10.1007/978-1-0716-0826-5_3","Davide Chicco","2021","http://link.springer.com/protocol/10.1007/978-1-0716-0826-5_3","Protocol"
"Abstracts","Reproductive Sciences","","26","1","10.1177/1933719119834079","","2019","http://link.springer.com/article/10.1177/1933719119834079","Article"
"27th Annual Computational Neuroscience Meeting (CNS*2018): Part Two","BMC Neuroscience","","19","2","10.1186/s12868-018-0451-y","","2018","http://link.springer.com/article/10.1186/s12868-018-0451-y","Article"
"Prediction Models in Healthcare Using Deep Learning","Proceedings of the 11th International Conference on Soft Computing and Pattern Recognition (SoCPaR 2019)","","","","10.1007/978-3-030-49345-5_21","S. BhavyaAnitha S. Pillai","2021","http://link.springer.com/chapter/10.1007/978-3-030-49345-5_21","Chapter"
"Hybrid bio-inspired algorithm and convolutional neural network for automatic lung tumor detection","Neural Computing and Applications","","","","10.1007/s00521-020-05362-z","Surbhi VijhPrashant GauravHari Mohan Pandey","2020","http://link.springer.com/article/10.1007/s00521-020-05362-z","Article"
"Hybrid Feature Extraction Technique on Brain MRI Images for Content-Based Image Retrieval of Alzheimer’s Disease","Advances in Communication, Signal Processing, VLSI, and Embedded Systems","","","","10.1007/978-981-15-0626-0_11","K. ChethanRekha Bhandarkar","2020","http://link.springer.com/chapter/10.1007/978-981-15-0626-0_11","Chapter"
"Deep Learning in Nuclear Medicine and Molecular Imaging: Current Perspectives and Future Directions","Nuclear Medicine and Molecular Imaging","","52","2","10.1007/s13139-017-0504-7","Hongyoon Choi","2018","http://link.springer.com/article/10.1007/s13139-017-0504-7","Article"
"Deep Learning Frameworks in Healthcare Systems","Technical Advancements of Machine Learning in Healthcare","","","","10.1007/978-981-33-4698-7_8","Anuttam DashChinmaya Dehury","2021","http://link.springer.com/chapter/10.1007/978-981-33-4698-7_8","Chapter"
"Patients’ EEG Data Analysis via Spectrogram Image with a Convolution Neural Network","Intelligent Decision Technologies 2017","","","","10.1007/978-3-319-59421-7_2","Longhao YuanJianting Cao","2018","http://link.springer.com/chapter/10.1007/978-3-319-59421-7_2","Chapter"
"Internet of health things-driven deep learning system for detection and classification of cervical cells using transfer learning","The Journal of Supercomputing","","76","11","10.1007/s11227-020-03159-4","Aditya KhampariaDeepak GuptaVictor Hugo C. de AlbuquerqueArun Kumar SangaiahRutvij H. Jhaveri","2020","http://link.springer.com/article/10.1007/s11227-020-03159-4","Article"
"A Review on State-of-the-Art Computer-Based Approaches for the Early Recognition of Malignant Melanoma","Advanced Computational Intelligence in Healthcare-7","","","","10.1007/978-3-662-61114-2_6","Georgia KontogianniIlias Maglogiannis","2020","http://link.springer.com/chapter/10.1007/978-3-662-61114-2_6","Chapter"
"Direct attenuation correction of brain PET images using only emission data via a deep convolutional encoder-decoder (Deep-DAC)","European Radiology","","29","12","10.1007/s00330-019-06229-1","Isaac ShiriPardis GhafarianParham GeramifarKevin Ho-Yin LeungMostafa GhelichoghliMehrdad OveisiArman RahmimMohammad Reza Ay","2019","http://link.springer.com/article/10.1007/s00330-019-06229-1","Article"
"A Study on Deep Learning in Neurodegenerative Diseases and Other Brain Disorders","Rising Threats in Expert Applications and Solutions","","","","10.1007/978-981-15-6014-9_95","Monika JyotiyanaNishtha Kesswani","2021","http://link.springer.com/chapter/10.1007/978-981-15-6014-9_95","Chapter"
"A deep convolutional neural network model for automated identification of abnormal EEG signals","Neural Computing and Applications","","32","20","10.1007/s00521-018-3889-z","Özal YıldırımUlas Baran BalogluU. Rajendra Acharya","2020","http://link.springer.com/article/10.1007/s00521-018-3889-z","Article"
"A Literature Review on Data Conversion Methods on EEG for Convolution Neural Network Applications","10th International Conference on Robotics, Vision, Signal Processing and Power Applications","","","","10.1007/978-981-13-6447-1_66","Chi Qin LaiHaidi IbrahimMohd Zaid AbdullahJafri Malin AbdullahShahrel Azmin SuandiAzlinda Azman","2019","http://link.springer.com/chapter/10.1007/978-981-13-6447-1_66","Chapter"
"A brief review on multi-task learning","Multimedia Tools and Applications","","77","22","10.1007/s11042-018-6463-x","Kim-Han ThungChong-Yaw Wee","2018","http://link.springer.com/article/10.1007/s11042-018-6463-x","Article"
"Deep Learning Methods in Electroencephalography","Machine Learning Paradigms","","","","10.1007/978-3-030-49724-8_8","Krzysztof KotowskiKatarzyna StaporJeremi Ochab","2020","http://link.springer.com/chapter/10.1007/978-3-030-49724-8_8","Chapter"
"Dementia Detection and Classification from MRI Images Using Deep Neural Networks and Transfer Learning","Advances in Computational Intelligence","","","","10.1007/978-3-030-20521-8_75","Amen BidaniMohamed Salah GouiderCarlos M. Travieso-González","2019","http://link.springer.com/chapter/10.1007/978-3-030-20521-8_75","Chapter"
"Deep Learning vs. Classical Machine Learning: A Comparison of Methods for Fluid Intelligence Prediction","Adolescent Brain Cognitive Development Neurocognitive Prediction","","","","10.1007/978-3-030-31901-4_3","Luke GuerdanPeng SunConnor RowlandLogan HarrisonZhicheng TangNickolas WergelesYi Shang","2019","http://link.springer.com/chapter/10.1007/978-3-030-31901-4_3","Chapter"
"Detection and classification of pulmonary nodules using deep learning and swarm intelligence","Multimedia Tools and Applications","","79","21 - 22","10.1007/s11042-019-7473-z","Cesar Affonso de Pinho PinheiroNadia NedjahLuiza de Macedo Mourelle","2020","http://link.springer.com/article/10.1007/s11042-019-7473-z","Article"
"Analyzing genetic diseases using multimedia processing techniques associative decision tree-based learning and Hopfield dynamic neural networks from medical images","Neural Computing and Applications","","32","3","10.1007/s00521-018-04004-9","Mohammed Al-Maitah","2020","http://link.springer.com/article/10.1007/s00521-018-04004-9","Article"
"Mixture cure rate models with neural network estimated nonparametric components","Computational Statistics","","","","10.1007/s00180-021-01086-3","Yujing XieZhangsheng Yu","2021","http://link.springer.com/article/10.1007/s00180-021-01086-3","Article"
"A lightweight solution to epileptic seizure prediction based on EEG synchronization measurement","The Journal of Supercomputing","","77","4","10.1007/s11227-020-03426-4","Shasha ZhangDan ChenRajiv RanjanHengjin KeYunbo TangAlbert Y. Zomaya","2021","http://link.springer.com/article/10.1007/s11227-020-03426-4","Article"
"Business Impact of DL Technology","Introduction to Deep Learning Business Applications for Developers","","","","10.1007/978-1-4842-3453-2_10","Armando VieiraBernardete Ribeiro","2018","http://link.springer.com/chapter/10.1007/978-1-4842-3453-2_10","Chapter"
"Assessing the Capability of Deep-Learning Models in Parkinson’s Disease Diagnosis","Smart Multimedia","","","","10.1007/978-3-030-54407-2_20","Christopher WestSara SoltaninejadIrene Cheng","2020","http://link.springer.com/chapter/10.1007/978-3-030-54407-2_20","Chapter"
"Applying Deep Learning to Predicting Dementia and Mild Cognitive Impairment","Artificial Intelligence Applications and Innovations","","","","10.1007/978-3-030-49186-4_26","Daniel StamateRichard SmithRuslan TsygancovRostislav VorobevJohn LanghamDaniel StahlDavid Reeves","2020","http://link.springer.com/chapter/10.1007/978-3-030-49186-4_26","Chapter"
"Slice-selective learning for Alzheimer’s disease classification using a generative adversarial network: a feasibility study of external validation","European Journal of Nuclear Medicine and Molecular Imaging","","47","9","10.1007/s00259-019-04676-y","Han Woong KimHa Eun LeeSangwon LeeKyeong Taek OhMijin YunSun Kook Yoo","2020","http://link.springer.com/article/10.1007/s00259-019-04676-y","Article"
"Short Acquisition Time PET/MR Pharmacokinetic Modelling Using CNNs","Medical Image Computing and Computer Assisted Intervention – MICCAI 2018","","","","10.1007/978-3-030-00928-1_6","Catherine J. ScottJieqing JiaoM. Jorge CardosoKerstin KläserAndrew MelbournePawel J. MarkiewiczJonathan M. SchottBrian F. HuttonSébastien Ourselin","2018","http://link.springer.com/chapter/10.1007/978-3-030-00928-1_6","Chapter"
"White Matter, Gray Matter and Cerebrospinal Fluid Segmentation from Brain 3D MRI Using B-UNET","VipIMAGE 2019","","","","10.1007/978-3-030-32040-9_20","Tran Anh TuanPham The BaoJin Young KimJoão Manuel R. S. Tavares","2019","http://link.springer.com/chapter/10.1007/978-3-030-32040-9_20","Chapter"
"Evaluation of deep learning-based approaches for COVID-19 classification based on chest X-ray images","Signal, Image and Video Processing","","","","10.1007/s11760-020-01820-2","Kamal KCZhendong YinMingyang WuZhilu Wu","2021","http://link.springer.com/article/10.1007/s11760-020-01820-2","Article"
"Deep Learning Application in IoT Health Care: A Survey","Intelligence in Big Data Technologies—Beyond the Hype","","","","10.1007/978-981-15-5285-4_19","Jinsa Mary PhilipS. DurgaDaniel Esther","2021","http://link.springer.com/chapter/10.1007/978-981-15-5285-4_19","Chapter"
"Early Diagnosis of Alzheimer’s Disease Based on Selective Kernel Network with Spatial Attention","Pattern Recognition","","","","10.1007/978-3-030-41299-9_39","Huanhuan JiZhenbing LiuWei Qi YanReinhard Klette","2020","http://link.springer.com/chapter/10.1007/978-3-030-41299-9_39","Chapter"
"Deep Learning for Health Care in Disease Identification: A Review","Proceedings of Integrated Intelligence Enable Networks and Computing","","","","10.1007/978-981-33-6307-6_65","Surabhi LingwalJitendra Singh RauthanBanit Negi","2021","http://link.springer.com/chapter/10.1007/978-981-33-6307-6_65","Chapter"
"Deep Neural Networks for Diagnosis of Osteoporosis: A Review","Proceedings of ICRIC 2019","","","","10.1007/978-3-030-29407-6_6","Insha Majeed WaniSakshi Arora","2020","http://link.springer.com/chapter/10.1007/978-3-030-29407-6_6","Chapter"
"Transfer learning privileged information fuels CAD diagnosis of breast cancer","Machine Vision and Applications","","31","1 - 2","10.1007/s00138-020-01058-5","Tawseef Ayoub ShaikhRashid AliM. M. Sufyan Beg","2020","http://link.springer.com/article/10.1007/s00138-020-01058-5","Article"
"Abstracts of the WASAD Congress 2019: an International Congress of the World Association for stress related and anxiety disorders in collaboration with the Collaborative Research Center SFB-TRR 58, Fear, Anxiety, Anxiety Disorders, held on 3–5 October 2019 in Würzburg, Germany","Journal of Neural Transmission","","126","11","10.1007/s00702-019-02095-9","","2019","http://link.springer.com/article/10.1007/s00702-019-02095-9","Article"
"Deep Learning in Classifying Depth of Anesthesia (DoA)","Intelligent Systems and Applications","","","","10.1007/978-3-030-01054-6_11","Mohamed H. AlMeerMaysam F. Abbod","2019","http://link.springer.com/chapter/10.1007/978-3-030-01054-6_11","Chapter"
"Dynamic Routing Capsule Networks for Mild Cognitive Impairment Diagnosis","Medical Image Computing and Computer Assisted Intervention – MICCAI 2019","","","","10.1007/978-3-030-32251-9_68","Zhicheng JiaoPu HuangTae-Eui KamLi-Ming HsuYe WuHan ZhangDinggang Shen","2019","http://link.springer.com/chapter/10.1007/978-3-030-32251-9_68","Chapter"
"MMHGE: detecting mild cognitive impairment based on multi-atlas multi-view hybrid graph convolutional networks and ensemble learning","Cluster Computing","","24","1","10.1007/s10586-020-03199-8","Jin LiuDejiao ZengRui GuoMingming LuFang-Xiang WuJianxin Wang","2021","http://link.springer.com/article/10.1007/s10586-020-03199-8","Article"
"Machine learning applications in imaging analysis for patients with pituitary tumors: a review of the current literature and future directions","Pituitary","","23","3","10.1007/s11102-019-01026-x","Ashirbani SahaSamantha TsoJessica RabskiAlireza SadeghianMichael D. Cusimano","2020","http://link.springer.com/article/10.1007/s11102-019-01026-x","Article"
"A Lightweight Spatial Attention Module with Adaptive Receptive Fields in 3D Convolutional Neural Network for Alzheimer’s Disease Classification","Pattern Recognition. ICPR International Workshops and Challenges","","","","10.1007/978-3-030-68763-2_44","Fei YuBaoqi ZhaoQingqing GeZhijie ZhangJunmei SunXiumei Li","2021","http://link.springer.com/chapter/10.1007/978-3-030-68763-2_44","Chapter"
"Skull Stripping Using Confidence Segmentation Convolution Neural Network","Advances in Visual Computing","","","","10.1007/978-3-030-03801-4_2","Kaiyuan ChenJingyue ShenFabien Scalzo","2018","http://link.springer.com/chapter/10.1007/978-3-030-03801-4_2","Chapter"
"Brain Network Decomposition by Auto Encoder (AE) and Graph Auto Encoder (GAE)","Neural Information Processing","","","","10.1007/978-3-030-36708-4_47","Myungwon ChoiPilsub LeeDaegyeom KimSuji LeeHyunChul YounHyun-Ghang JeongCheol E. Han","2019","http://link.springer.com/chapter/10.1007/978-3-030-36708-4_47","Chapter"
"The possibility of the combination of OCT and fundus images for improving the diagnostic accuracy of deep learning for age-related macular degeneration: a preliminary experiment","Medical & Biological Engineering & Computing","","57","3","10.1007/s11517-018-1915-z","Tae Keun YooJoon Yul ChoiJeong Gi SeoBhoopalan RamasubramanianSundaramoorthy SelvaperumalDeok Won Kim","2019","http://link.springer.com/article/10.1007/s11517-018-1915-z","Article"
"Huntington Study Group Abstracts 2020","Neurotherapeutics","","17","1","10.1007/s13311-020-00945-z","","2020","http://link.springer.com/article/10.1007/s13311-020-00945-z","Article"
"EAP 2019 Congress and Master Course","European Journal of Pediatrics","","178","11","10.1007/s00431-019-03466-w","","2019","http://link.springer.com/article/10.1007/s00431-019-03466-w","Article"
"Analysis of Histopathological Images Using Machine Learning Techniques","Futuristic Trends in Network and Communication Technologies","","","","10.1007/978-981-16-1480-4_20","Ratima Raj SinghSumit KumarSurbhi VijhNihar Ranjan Roy","2021","http://link.springer.com/chapter/10.1007/978-981-16-1480-4_20","Chapter"
"Bridge Load Classifier Based on Deep Learning for Structural Displacement Correlation","Programming and Computer Software","","46","8","10.1134/S0361768820080101","Wendy Flores-Fuentes","2020","http://link.springer.com/article/10.1134/S0361768820080101","Article"
"Brain Age Estimation from MRI Using a Two-Stage Cascade Network with Ranking Loss","Medical Image Computing and Computer Assisted Intervention – MICCAI 2020","","","","10.1007/978-3-030-59728-3_20","Ziyang LiuJian ChengHaogang ZhuJicong ZhangTao Liu","2020","http://link.springer.com/chapter/10.1007/978-3-030-59728-3_20","Chapter"
"Learning Myelin Content in Multiple Sclerosis from Multimodal MRI Through Adversarial Training","Medical Image Computing and Computer Assisted Intervention – MICCAI 2018","","","","10.1007/978-3-030-00931-1_59","Wen WeiEmilie PoirionBenedetta BodiniStanley DurrlemanNicholas AyacheBruno StankoffOlivier Colliot","2018","http://link.springer.com/chapter/10.1007/978-3-030-00931-1_59","Chapter"
"Data Science and AI in IoT Based Smart Healthcare: Issues, Challenges and Case Study","Enabling AI Applications in Data Science","","","","10.1007/978-3-030-52067-0_19","Sohail SaifDebabrata DattaAnindita SahaSuparna BiswasChandreyee Chowdhury","2021","http://link.springer.com/chapter/10.1007/978-3-030-52067-0_19","Chapter"
"7th ESSD Congress and World Dysphagia Summit, 
Barcelona 2017","Dysphagia","","33","4","10.1007/s00455-018-9900-0","","2018","http://link.springer.com/article/10.1007/s00455-018-9900-0","Article"
"26th Annual Conference of the International Society for Quality 
of Life Research","Quality of Life Research","","28","1","10.1007/s11136-019-02257-y","","2019","http://link.springer.com/article/10.1007/s11136-019-02257-y","Article"
"Deep Graph Normalizer: A Geometric Deep Learning Approach for Estimating Connectional Brain Templates","Medical Image Computing and Computer Assisted Intervention – MICCAI 2020","","","","10.1007/978-3-030-59728-3_16","Mustafa Burak GurbuzIslem Rekik","2020","http://link.springer.com/chapter/10.1007/978-3-030-59728-3_16","Chapter"
"Chemotherapy-related cognitive impairment in patients with breast cancer based on MRS and DTI analysis","Breast Cancer","","27","5","10.1007/s12282-020-01094-z","Taishan TongHeng LuJian ZongQing LvXing Chu","2020","http://link.springer.com/article/10.1007/s12282-020-01094-z","Article"
"Abstracts of the 16th International E-Congress of the European Geriatric Medicine Society","European Geriatric Medicine","","11","1","10.1007/s41999-020-00428-6","","2020","http://link.springer.com/article/10.1007/s41999-020-00428-6","Article"
"Artificial intelligence for detecting small FDG-positive lung nodules in digital PET/CT: impact of image reconstructions on diagnostic performance","European Radiology","","30","4","10.1007/s00330-019-06498-w","Moritz SchwyzerKatharina MartiniDominik C. BenzIrene A. BurgerDaniela A. FerraroKen KuduraValerie TreyerGustav K. von SchulthessPhilipp A. KaufmannMartin W. HuellnerMichael Messerli","2020","http://link.springer.com/article/10.1007/s00330-019-06498-w","Article"
"PIMMS: Permutation Invariant Multi-modal Segmentation","Deep Learning in Medical Image Analysis and Multimodal Learning for Clinical Decision Support","","","","10.1007/978-3-030-00889-5_23","Thomas VarsavskyZach Eaton-RosenCarole H. SudreParashkev NachevM. Jorge Cardoso","2018","http://link.springer.com/chapter/10.1007/978-3-030-00889-5_23","Chapter"
"Convolutional Neural Network Application in Smart Farming","Soft Computing in Data Science","","","","10.1007/978-981-15-0399-3_23","Yudhi AdhityaSetya Widyawan PrakosaMario KöppenJenq-Shiou Leu","2019","http://link.springer.com/chapter/10.1007/978-981-15-0399-3_23","Chapter"
"End-to-End Dementia Status Prediction from Brain MRI Using Multi-task Weakly-Supervised Attention Network","Medical Image Computing and Computer Assisted Intervention – MICCAI 2019","","","","10.1007/978-3-030-32251-9_18","Chunfeng LianMingxia LiuLi WangDinggang Shen","2019","http://link.springer.com/chapter/10.1007/978-3-030-32251-9_18","Chapter"
"Radiopharmaceuticals: An insight into the latest advances in medical uses and regulatory perspectives","Journal of Biosciences","","46","1","10.1007/s12038-021-00147-5","Deepak KaushikPooja JangraRavinder VermaDeepika PurohitParijat PandeySandeep SharmaRakesh Kumar Sharma","2021","http://link.springer.com/article/10.1007/s12038-021-00147-5","Article"
"Classification of Mental Arithmetic Cognitive States Based on CNN and FBN","Brain Informatics","","","","10.1007/978-3-030-37078-7_22","Ruohao LiuNing ZhongXiaofei ZhangYang YangJiajin Huang","2019","http://link.springer.com/chapter/10.1007/978-3-030-37078-7_22","Chapter"
"Automated end-to-end management of the modeling lifecycle in deep learning","Empirical Software Engineering","","26","2","10.1007/s10664-020-09894-9","Gharib GharibiVijay WalunjRaju NekadiRaj MarriYugyung Lee","2021","http://link.springer.com/article/10.1007/s10664-020-09894-9","Article"
"Classification of cerebral microbleeds based on fully-optimized convolutional neural network","Multimedia Tools and Applications","","79","21 - 22","10.1007/s11042-018-6862-z","Jin HongShui-Hua WangHong ChengJie Liu","2020","http://link.springer.com/article/10.1007/s11042-018-6862-z","Article"
"Big Brain Data: On the Responsible Use of Brain Data from Clinical and Consumer-Directed Neurotechnological Devices","Neuroethics","","","","10.1007/s12152-018-9371-x","Philipp Kellmeyer","2018","http://link.springer.com/article/10.1007/s12152-018-9371-x","Article"
"Language and Complexity: Neurolinguistic Perspectives","Translation, Brains and the Computer","","","","10.1007/978-3-319-76629-4_4","Bernard Scott","2018","http://link.springer.com/chapter/10.1007/978-3-319-76629-4_4","Chapter"
"10th Anniversary of the European Association for Predictive, Preventive and Personalised (3P) Medicine - EPMA World Congress Supplement 2020","EPMA Journal","","11","1","10.1007/s13167-020-00206-1","Olga GolubnitschajaOndrej TopolcanRadek KuceraVincenzo Costigliola","2020","http://link.springer.com/article/10.1007/s13167-020-00206-1","Article"
"Classification of Autism Based on fMRI Data with Feature-Fused Convolutional Neural Network","Cyberspace Data and Intelligence, and Cyber-Living, Syndrome, and Health","","","","10.1007/978-981-33-4336-8_7","Yang YouHongjin LiuShaolin ZhangLizhen Shao","2020","http://link.springer.com/chapter/10.1007/978-981-33-4336-8_7","Chapter"
"Predicting Conversion of Mild Cognitive Impairments to Alzheimer’s Disease and Exploring Impact of Neuroimaging","Graphs in Biomedical Image Analysis and Integrating Medical Imaging and Non-Imaging Modalities","","","","10.1007/978-3-030-00689-1_9","Yaroslav ShmulevMikhail Belyaev","2018","http://link.springer.com/chapter/10.1007/978-3-030-00689-1_9","Chapter"
"A Systematic Review of Applications of Machine Learning in Cancer Prediction and Diagnosis","Archives of Computational Methods in Engineering","","","","10.1007/s11831-021-09556-z","Aman SharmaRinkle Rani","2021","http://link.springer.com/article/10.1007/s11831-021-09556-z","Article"
"Artificial intelligence as an emerging technology in the current care of neurological disorders","Journal of Neurology","","","","10.1007/s00415-019-09518-3","Urvish K. PatelArsalan AnwarSidra SaleemPreeti MalikBakhtiar RasulKaran PatelRobert YaoAshok SeshadriMohammed YousufuddinKogulavadanan Arumaithurai","2019","http://link.springer.com/article/10.1007/s00415-019-09518-3","Article"
"Abstracts of the 16th International Symposium on NeuroVirology November 12-16, 2019 Atlanta, GA, USA","Journal of NeuroVirology","","25","1","10.1007/s13365-019-00807-1","","2019","http://link.springer.com/article/10.1007/s13365-019-00807-1","Article"
"Application of artificial neural network model in diagnosis of Alzheimer’s disease","BMC Neurology","","19","1","10.1186/s12883-019-1377-4","Naibo WangJinghua ChenHui XiaoLei WuHan JiangYueping Zhou","2019","http://link.springer.com/article/10.1186/s12883-019-1377-4","Article"
"AI in Healthcare and Medical Imaging","Artificial Intelligence in Breast Cancer Early Detection and Diagnosis","","","","10.1007/978-3-030-59208-0_4","Khalid ShaikhSabitha KrishnanRohit Thanki","2021","http://link.springer.com/chapter/10.1007/978-3-030-59208-0_4","Chapter"
"Classification of Schizophrenia Patients and Healthy Controls Using ICA of Complex-Valued fMRI Data and Convolutional Neural Networks","Advances in Neural Networks – ISNN 2019","","","","10.1007/978-3-030-22808-8_53","Yue QiuQiu-Hua LinLi-Dan KuangWen-Da ZhaoXiao-Feng GongFengyu CongVince D. Calhoun","2019","http://link.springer.com/chapter/10.1007/978-3-030-22808-8_53","Chapter"
"Artificial Intelligence and Machine Learning: A New Disruptive Force in Orthopaedics","Indian Journal of Orthopaedics","","54","2","10.1007/s43465-019-00023-3","Murali PoduvalAvik GhoseSanjeev ManchandaVaibhav BagariaAniruddha Sinha","2020","http://link.springer.com/article/10.1007/s43465-019-00023-3","Article"
"Application of machine learning in ophthalmic imaging modalities","Eye and Vision","","7","1","10.1186/s40662-020-00183-6","Yan TongWei LuYue YuYin Shen","2020","http://link.springer.com/article/10.1186/s40662-020-00183-6","Article"
"Era of Intelligent Systems in Healthcare","Intelligent Decision Support Systems—A Journey to Smarter Healthcare","","","","10.1007/978-3-030-14354-1_1","Smaranda BelciugFlorin Gorunescu","2020","http://link.springer.com/chapter/10.1007/978-3-030-14354-1_1","Chapter"
"Leveraging Deep Learning for Designing Healthcare Analytics Heuristic for Diagnostics","Neural Processing Letters","","","","10.1007/s11063-021-10425-w","Sarah ShafqatMaryyam FayyazHasan Ali KhattakMuhammad BilalShahid KhanOsama IshtiaqAlmas AbbasiFarzana ShafqatWaleed S. AlnumayPushpita Chatterjee","2021","http://link.springer.com/article/10.1007/s11063-021-10425-w","Article"
"The Development of Intelligent Patient-Centric Systems for Health Care","Theories to Inform Superior Health Informatics Research and Practice","","","","10.1007/978-3-319-72287-0_22","Arturo Caronongan IIIHannah Gorgui-NaguibRaouf N. G. Naguib","2018","http://link.springer.com/chapter/10.1007/978-3-319-72287-0_22","Chapter"
"The Composition of Data Capital","Data Capital","","","","10.1007/978-3-030-60192-8_4","Chunlei Tang","2021","http://link.springer.com/chapter/10.1007/978-3-030-60192-8_4","Chapter"
"Analysis of the MIDAS and OASIS Biomedical Databases for the Application of Multimodal Image Processing","Intelligent Technologies and Applications","","","","10.1007/978-981-15-5232-8_50","Muhammad Adeel AzamKhan Bahadar KhanMuhammad AqeelAbdul Rehman ChishtiMuhammad Nawaz Abbasi","2020","http://link.springer.com/chapter/10.1007/978-981-15-5232-8_50","Chapter"
"Artificial Intelligence, Machine Learning and Reasoning in Health Informatics—Case Studies","Signal Processing Techniques for Computational Health Informatics","","","","10.1007/978-3-030-54932-9_12","Mobyen Uddin AhmedShaibal BaruaShahina Begum","2021","http://link.springer.com/chapter/10.1007/978-3-030-54932-9_12","Chapter"
"Detection and Classification of Tumors Using Medical Imaging Techniques: A Survey","Intelligent Communication Technologies and Virtual Mobile Networks","","","","10.1007/978-3-030-28364-3_35","Sheetal GargS. R. Bhagyashree","2020","http://link.springer.com/chapter/10.1007/978-3-030-28364-3_35","Chapter"
"Proceedings of the RAMI Intern Section Meeting Saturday 27 January 2018 Catherine McAuley Education & Research Centre, Nelson Street, Dublin 7 and the Mater Misericordiae University Hospital","Irish Journal of Medical Science (1971 -)","","187","3","10.1007/s11845-018-1833-y","","2018","http://link.springer.com/article/10.1007/s11845-018-1833-y","Article"
"Hybrid Recommendation System for Heart Disease Diagnosis based on Multiple Kernel Learning with Adaptive Neuro-Fuzzy Inference System","Multimedia Tools and Applications","","77","4","10.1007/s11042-017-5515-y","Gunasekaran ManogaranR. VaratharajanM. K. Priyan","2018","http://link.springer.com/article/10.1007/s11042-017-5515-y","Article"
"Using EEG to Distinguish Between Writing and Typing for the Same Cognitive Task","Brain Function Assessment in Learning","","","","10.1007/978-3-030-60735-7_7","Xiaodong QuQingtian MeiPeiyan LiuTimothy Hickey","2020","http://link.springer.com/chapter/10.1007/978-3-030-60735-7_7","Chapter"
"Data Mining Algorithms and Techniques in Mental Health: A Systematic Review","Journal of Medical Systems","","42","9","10.1007/s10916-018-1018-2","Susel Góngora AlonsoIsabel de la Torre-DíezSofiane HamriouiMiguel López-CoronadoDiego Calvo BarrenoLola Morón NozaledaManuel Franco","2018","http://link.springer.com/article/10.1007/s10916-018-1018-2","Article"
"Frequency domain CNN and dissipated energy approach for damage detection in building structures","Soft Computing","","24","20","10.1007/s00500-020-04912-w","Mario Lopez-PachecoJesús Morales-ValdezWen Yu","2020","http://link.springer.com/article/10.1007/s00500-020-04912-w","Article"
"Abstract 2018","International Journal of Behavioral Medicine","","25","1","10.1007/s12529-018-9740-1","","2018","http://link.springer.com/article/10.1007/s12529-018-9740-1","Article"
"Abstracts of the XXXIX Congress of the Spanish Society of Physiological Sciences (SECF), 18-21 September 2018, Cádiz, Spain","Journal of Physiology and Biochemistry","","74","1","10.1007/s13105-018-0656-7","","2018","http://link.springer.com/article/10.1007/s13105-018-0656-7","Article"
"Poster Abstracts, 22st Annual Meeting of the International Association of Medical Science Educators, Henderson, NV, USA, June 9-12, 2018","Medical Science Educator","","28","1","10.1007/s40670-018-00663-4","","2018","http://link.springer.com/article/10.1007/s40670-018-00663-4","Article"
"Automated Quantification of Enlarged Perivascular Spaces in Clinical Brain MRI Across Sites","OR 2.0 Context-Aware Operating Theaters and Machine Learning in Clinical Neuroimaging","","","","10.1007/978-3-030-32695-1_12","Florian DubostMax DünnwaldDenver HuffVincent ScheumannFrank SchreiberMeike VernooijWiro NiessenMartin SkalejStefanie SchreiberSteffen Oeltze-JafraMarleen de Bruijne","2019","http://link.springer.com/chapter/10.1007/978-3-030-32695-1_12","Chapter"
"Modelling Complex Phenomena in Physiology","Quantitative Physiology","","","","10.1007/978-981-33-4033-6_13","Shangbin ChenAlexey Zaikin","2020","http://link.springer.com/chapter/10.1007/978-981-33-4033-6_13","Chapter"
"A dual-branch model for diagnosis of Parkinson’s disease based on the independent and joint features of the left and right gait","Applied Intelligence","","","","10.1007/s10489-020-02182-5","Xu LiuWang LiZheng LiuFeixiang DuQiang Zou","2021","http://link.springer.com/article/10.1007/s10489-020-02182-5","Article"
"Image based fruit category classification by 13-layer deep convolutional neural network and data augmentation","Multimedia Tools and Applications","","78","3","10.1007/s11042-017-5243-3","Yu-Dong ZhangZhengchao DongXianqing ChenWenjuan JiaSidan DuKhan MuhammadShui-Hua Wang","2019","http://link.springer.com/article/10.1007/s11042-017-5243-3","Article"
"Word Embedding Bootstrapped Deep Active Learning Method to Information Extraction on Chinese Electronic Medical Record","Journal of Shanghai Jiaotong University (Science)","","","","10.1007/s12204-021-2285-5","Qunsheng Ma 马群圣Xingxing Cen 岑星星Junyi Yuan 袁骏毅Xumin Hou 侯旭敏","2021","http://link.springer.com/article/10.1007/s12204-021-2285-5","Article"
"Proceedings of the International Scientific Conference AIFI 2017. Therapeutic Exercise: Foundations, Evidences and Clinical Reasoning in Physiotherapy Practice","Archives of Physiotherapy","","9","1","10.1186/s40945-019-0069-0","","2019","http://link.springer.com/article/10.1186/s40945-019-0069-0","Article"
"Trends in Glycolipid Biomarker Discovery in Neurodegenerative Disorders by Mass Spectrometry","Advancements of Mass Spectrometry in Biomedical Research","","","","10.1007/978-3-030-15950-4_42","Liana DeheleanMirela SarbuAlina PetrutAlina D. Zamfir","2019","http://link.springer.com/chapter/10.1007/978-3-030-15950-4_42","Chapter"
"Identification of Parkinson’s Disease Using Machine Learning and Neural Networks","Intelligent Manufacturing and Energy Sustainability","","","","10.1007/978-981-33-4443-3_29","Ved AbhyankarRushikesh Tapdiya","2021","http://link.springer.com/chapter/10.1007/978-981-33-4443-3_29","Chapter"
"10th Congress of International Society of Systemic Auto-Inflammatory Diseases (ISSAID)","Pediatric Rheumatology","","17","1","10.1186/s12969-019-0313-x","","2019","http://link.springer.com/article/10.1186/s12969-019-0313-x","Article"
"25th Annual Conference of the International Society for Quality of Life Research","Quality of Life Research","","27","1","10.1007/s11136-018-1946-9","","2018","http://link.springer.com/article/10.1007/s11136-018-1946-9","Article"
"8th Congress of the International Federation for the Surgery of Obesity and Metabolic Disorders","Obesity Surgery","","28","1","10.1007/s11695-018-3200-5","Harry Pappis","2018","http://link.springer.com/article/10.1007/s11695-018-3200-5","Article"
"Abstracts from the 2nd International Symposium on Phytochemicals in Medicine and Food (2-ISPMF)","Chinese Medicine","","13","1","10.1186/s13020-018-0172-2","","2018","http://link.springer.com/article/10.1186/s13020-018-0172-2","Article"
"Basics of the EEG","Dynamics of Neural Networks","","","","10.1007/978-3-662-61184-5_6","Michel J. A. M. van Putten","2020","http://link.springer.com/chapter/10.1007/978-3-662-61184-5_6","Chapter"
"Analysis of regional atrophy and prolong adaptive exclusive atlas to detect the alzheimers neuro disorder using medical images","Multimedia Tools and Applications","","79","15 - 16","10.1007/s11042-019-7213-4","R. KumarK. Sakthidasan @ SankaranR. SampathP. Mohamed Shakeel","2020","http://link.springer.com/article/10.1007/s11042-019-7213-4","Article"
"40th International Symposium on Intensive Care & Emergency Medicine","Critical Care","","24","1","10.1186/s13054-020-2772-3","","2020","http://link.springer.com/article/10.1186/s13054-020-2772-3","Article"
"Turning Point towards Blood Biomarker-Guided Targeted Therapy for Precision Medicine in Alzheimer’s Disease","The Journal of Prevention of Alzheimer's Disease","","5","3","10.14283/jpad.2018.25","Harald HampelA. VergalloU. BonuccelliS. Lista","2018","http://link.springer.com/article/10.14283/jpad.2018.25","Article"
"Medical image segmentation using fast discrete curvelet transform and classification methods for MRI brain images","Multimedia Tools and Applications","","79","15 - 16","10.1007/s11042-019-08089-9","P. Muthu KrishnammalS. Selvakumar Raja","2020","http://link.springer.com/article/10.1007/s11042-019-08089-9","Article"
"Activity Recognition for Assisting People with Dementia","Contactless Human Activity Analysis","","","","10.1007/978-3-030-68590-4_10","Muhammad FikryDefry HamdhanaPaula LagoSozo Inoue","2021","http://link.springer.com/chapter/10.1007/978-3-030-68590-4_10","Chapter"
"Analysis of Structural MRI Using Functional and Classification Approach in Multi-feature","Emerging Trends in Computing and Expert Technology","","","","10.1007/978-3-030-32150-5_103","Devi RamakrishnanV. Sathya PreiyaA. P. Vijayakumar","2020","http://link.springer.com/chapter/10.1007/978-3-030-32150-5_103","Chapter"
"Diamond: multi-dimensional indexing technique for medical images retrieval using vertical fragmentation approach","The Journal of Supercomputing","","","","10.1007/s11227-020-03522-5","AliAsghar SafaeiSaeede HabibiAsl","2021","http://link.springer.com/article/10.1007/s11227-020-03522-5","Article"
"Brain Tumor Segmentation Using Chi-Square Fuzzy C-Mean Clustering","Innovative Product Design and Intelligent Manufacturing Systems","","","","10.1007/978-981-15-2696-1_83","G. Anand KumarP. V. Sridevi","2020","http://link.springer.com/chapter/10.1007/978-981-15-2696-1_83","Chapter"
"Modelling and Analysis of Temporal Gene Expression Data Using Spiking Neural Networks","Neural Information Processing","","","","10.1007/978-3-030-04167-0_52","Durgesh NandiniElisa CapecciLucien KoefoedIbai LañaGautam Kishore ShahiNikola Kasabov","2018","http://link.springer.com/chapter/10.1007/978-3-030-04167-0_52","Chapter"
"Diagnosing malaria from some symptoms: a machine learning approach and public health implications","Health and Technology","","11","1","10.1007/s12553-020-00488-5","Hilary I. OkagbuePelumi E. OguntundeEmmanuela C. M. ObasiPatience I. AdamuAbiodun A. Opanuga","2021","http://link.springer.com/article/10.1007/s12553-020-00488-5","Article"
"Machine learning approaches for boredom classification using EEG","Journal of Ambient Intelligence and Humanized Computing","","10","10","10.1007/s12652-019-01196-3","Jungryul SeoTeemu H. LaineKyung-Ah Sohn","2019","http://link.springer.com/article/10.1007/s12652-019-01196-3","Article"
"Exploring the Performance of EEG Signal Classifiers for Alcoholism","Advances in Artificial Intelligence and Data Engineering","","","","10.1007/978-981-15-3514-7_12","Nishitha LakshmiRani AdhadukNidarsh NithyanandaS. Rashwin NondaK. Pushpalatha","2021","http://link.springer.com/chapter/10.1007/978-981-15-3514-7_12","Chapter"
"Wavelet Based Feature Extraction and T-Set Evaluation for Automatic Brain Tumor Detection and Classification","ICCCE 2020","","","","10.1007/978-981-15-7961-5_27","S. RaviV. SathiyaSuntharamRavikumar Chandu","2021","http://link.springer.com/chapter/10.1007/978-981-15-7961-5_27","Chapter"
"Meta-heuristic approach in neural network for stress detection in Marathi speech","International Journal of Speech Technology","","22","4","10.1007/s10772-019-09631-8","Vaijanath V. YerigeriL. K. Ragha","2019","http://link.springer.com/article/10.1007/s10772-019-09631-8","Article"
"Dual-modal Physiological Feature Fusion-based Sleep Recognition Using CFS and RF Algorithm","International Journal of Automation and Computing","","16","3","10.1007/s11633-019-1171-1","Bing-Tao ZhangXiao-Peng WangYu ShenTao Lei","2019","http://link.springer.com/article/10.1007/s11633-019-1171-1","Article"
"Diagnostic Uses of Radiopharmaceuticals in Nuclear Medicine","Fundamentals of Nuclear Pharmacy","","","","10.1007/978-3-319-57580-3_13","Gopal B. Saha PhD","2018","http://link.springer.com/chapter/10.1007/978-3-319-57580-3_13","Chapter"
"Inherent Brain Segmentation Quality Control from Fully ConvNet Monte Carlo Sampling","Medical Image Computing and Computer Assisted Intervention – MICCAI 2018","","","","10.1007/978-3-030-00928-1_75","Abhijit Guha RoySailesh ConjetiNassir NavabChristian Wachinger","2018","http://link.springer.com/chapter/10.1007/978-3-030-00928-1_75","Chapter"
"A novel Parkinson’s Disease Diagnosis Index using higher-order spectra features in EEG signals","Neural Computing and Applications","","30","4","10.1007/s00521-016-2756-z","Rajamanickam YuvarajU. Rajendra AcharyaYuki Hagiwara","2018","http://link.springer.com/article/10.1007/s00521-016-2756-z","Article"
"Smart pathological brain detection by synthetic minority oversampling technique, extreme learning machine, and Jaya algorithm","Multimedia Tools and Applications","","77","17","10.1007/s11042-017-5023-0","Yu-Dong ZhangGuihu ZhaoJunding SunXiaosheng WuZhi-Heng WangHong-Min LiuVishnu Varthanan GovindarajTianmin ZhanJianwu Li","2018","http://link.springer.com/article/10.1007/s11042-017-5023-0","Article"
"PET imaging of P2X7R in the experimental autoimmune encephalomyelitis model of multiple sclerosis using [11C]SMW139","Journal of Neuroinflammation","","17","1","10.1186/s12974-020-01962-7","Wissam BeainoBieneke JanssenEsther KooijmanRicardo VosRobert C. SchuitJames O’Brien-BrownMichael KassiouBert van het HofDanielle J. VugtsHelga E. de VriesAlbert D. Windhorst","2020","http://link.springer.com/article/10.1186/s12974-020-01962-7","Article"
"Abstracts","Neurotoxicity Research","","34","4","10.1007/s12640-018-9947-6","","2018","http://link.springer.com/article/10.1007/s12640-018-9947-6","Article"
"Diagnosis support systems for rare diseases: a scoping review","Orphanet Journal of Rare Diseases","","15","1","10.1186/s13023-020-01374-z","Carole FaviezXiaoyi ChenNicolas GarcelonAntoine NeurazBertrand KnebelmannRémi SalomonStanislas LyonnetSophie SaunierAnita Burgun","2020","http://link.springer.com/article/10.1186/s13023-020-01374-z","Article"
"Analysis of electromyograms recorded using invasive and noninvasive electrodes: a study based on entropy and Lyapunov exponents estimated using artificial neural networks","Journal of Ambient Intelligence and Humanized Computing","","","","10.1007/s12652-018-0811-6","Bakiya AmbikapathyKamalanand Krishnamurthy","2018","http://link.springer.com/article/10.1007/s12652-018-0811-6","Article"
"Tackling ordinal regression problem for heterogeneous data: sparse and deep multi-task learning approaches","Data Mining and Knowledge Discovery","","","","10.1007/s10618-021-00746-8","Lu WangDongxiao Zhu","2021","http://link.springer.com/article/10.1007/s10618-021-00746-8","Article"
"27th Annual Conference of the International Society for Quality of Life Research","Quality of Life Research","","29","1","10.1007/s11136-020-02626-y","","2020","http://link.springer.com/article/10.1007/s11136-020-02626-y","Article"
"Prognostic Modeling with the Internet of Healthcare Things Applications","Advanced Prognostic Predictive Modelling in Healthcare Data Analytics","","","","10.1007/978-981-16-0538-3_7","Simran KaurYasha Hasija","2021","http://link.springer.com/chapter/10.1007/978-981-16-0538-3_7","Chapter"
"Meeting abstracts from the 5th International Clinical Trials Methodology Conference (ICTMC 2019)","Trials","","20","1","10.1186/s13063-019-3688-6","","2019","http://link.springer.com/article/10.1186/s13063-019-3688-6","Article"
"LesionBrain: An Online Tool for White Matter Lesion Segmentation","Patch-Based Techniques in Medical Imaging","","","","10.1007/978-3-030-00500-9_11","Pierrick CoupéThomas TourdiasPierre LinckJosé E. RomeroJosé V. Manjón","2018","http://link.springer.com/chapter/10.1007/978-3-030-00500-9_11","Chapter"
"Telemammography: A Novel Approach for Early Detection of Breast Cancer Through Wavelets Based Image Processing and Machine Learning Techniques","Advances in Soft Computing and Machine Learning in Image Processing","","","","10.1007/978-3-319-63754-9_8","Liyakathunisa SyedSaima JabeenS. Manimala","2018","http://link.springer.com/chapter/10.1007/978-3-319-63754-9_8","Chapter"
"Multivalent interacting glycodendrimer to prevent amyloid-peptide fibril formation induced by Cu(II): A multidisciplinary approach","Nano Research","","11","3","10.1007/s12274-017-1734-9","Anna JanaszewskaBarbara Klajnert-MaculewiczMonika MarcinkowskaPiotr DuchnowiczDietmar AppelhansGianvito GrassoMarco A. DeriuAndrea DananiMichela CangiottiMaria Francesca Ottaviani","2018","http://link.springer.com/article/10.1007/s12274-017-1734-9","Article"
"Power Spectral Study of EEG Signal from the Frontal Brain Area of Autistic Children","Proceedings of the International Conference on Computing and Communication Systems","","","","10.1007/978-981-10-6890-4_51","Bablu Lal RajakMeena GuptaDinesh BhatiaArun MukherjeeSudip PaulTapas Kumar Sinha","2018","http://link.springer.com/chapter/10.1007/978-981-10-6890-4_51","Chapter"
"A Customisable Pipeline for Continuously Harvesting Socially-Minded Twitter Users","Web Engineering","","","","10.1007/978-3-030-19274-7_8","Flavio PrimoPaolo MissierAlexander RomanovskyMickael FigueredoNelio Cacho","2019","http://link.springer.com/chapter/10.1007/978-3-030-19274-7_8","Chapter"
"Large Deformation Diffeomorphic Image Registration with Laplacian Pyramid Networks","Medical Image Computing and Computer Assisted Intervention – MICCAI 2020","","","","10.1007/978-3-030-59716-0_21","Tony C. W. MokAlbert C. S. Chung","2020","http://link.springer.com/chapter/10.1007/978-3-030-59716-0_21","Chapter"
"Three-Phase Automatic Brain Tumor Diagnosis System Using Patches Based Updated Run Length Region Growing Technique","Journal of Digital Imaging","","33","2","10.1007/s10278-019-00276-2","T. KalaiselviP. KumarashankarP. Sriramakrishnan","2020","http://link.springer.com/article/10.1007/s10278-019-00276-2","Article"
"Nonlinear Analysis of Quantitative EEGs in Patients with Syndromes of Post-Coma Disorders of Consciousness after Severe Traumatic Brain Injury","Neurophysiology","","50","6","10.1007/s11062-019-09778-9","O. V. Kulyk","2018","http://link.springer.com/article/10.1007/s11062-019-09778-9","Article"
"Bi-objective approach for computer-aided diagnosis of schizophrenia patients using fMRI data","Multimedia Tools and Applications","","77","20","10.1007/s11042-018-5901-0","Indranath ChatterjeeManoj AgarwalBharti RanaNavin LakhyaniNaveen Kumar","2018","http://link.springer.com/article/10.1007/s11042-018-5901-0","Article"
"Diffusible, highly bioactive oligomers represent a critical minority of soluble Aβ in Alzheimer’s disease brain","Acta Neuropathologica","","136","1","10.1007/s00401-018-1846-7","Wei HongZemin WangWen LiuTiernan T. O’MalleyMing JinMichael WillemChristian HaassMatthew P. FroschDominic M. Walsh","2018","http://link.springer.com/article/10.1007/s00401-018-1846-7","Article"
"Proceedings of the 4th IPLeiria’s International Health Congress","BMC Health Services Research","","18","2","10.1186/s12913-018-3444-8","","2018","http://link.springer.com/article/10.1186/s12913-018-3444-8","Article"
"Pupillometry","Eye Movement Research","","","","10.1007/978-3-030-20085-5_11","Bruno LaengDag Alnaes","2019","http://link.springer.com/chapter/10.1007/978-3-030-20085-5_11","Chapter"
"Cultural Neuroscience and the Military: Applications, Perspectives, Controversies","Advances in Culturally-Aware Intelligent Systems and in Cross-Cultural Psychological Studies","","","","10.1007/978-3-319-67024-9_13","Kamila Trochowska","2018","http://link.springer.com/chapter/10.1007/978-3-319-67024-9_13","Chapter"
"Between Psyche and Mind","Critical Neuroscience and Philosophy","","","","10.1007/978-3-030-35354-4_3","David Låg Tomasi","2020","http://link.springer.com/chapter/10.1007/978-3-030-35354-4_3","Chapter"
"A comprehensive systematic review of CSF proteins and peptides that define Alzheimer’s disease","Clinical Proteomics","","17","1","10.1186/s12014-020-09276-9","Cristina M. Pedrero-PrietoSonia García-CarpinteroJavier Frontiñán-RubioEmilio Llanos-GonzálezCristina Aguilera GarcíaFrancisco J. AlcaínIris LindbergMario Durán-PradoJuan R. PeinadoYoana Rabanal-Ruiz","2020","http://link.springer.com/article/10.1186/s12014-020-09276-9","Article"
"Optic nerve thinning and neurosensory retinal degeneration in the rTg4510 mouse model of frontotemporal dementia","Acta Neuropathologica Communications","","7","1","10.1186/s40478-018-0654-6","Ian F. HarrisonRozalind WhitakerPietro Maria BertelliJames M. O’CallaghanLajos CsincsikMartina BocchettaDa MaAlice FisherZeshan AhmedTracey K. MurrayMichael J. O’NeillJonathan D. RohrerMark F. LythgoeImre Lengyel","2019","http://link.springer.com/article/10.1186/s40478-018-0654-6","Article"
"Seaweeds: Valuable Ingredients for the Pharmaceutical Industries","Grand Challenges in Marine Biotechnology","","","","10.1007/978-3-319-69075-9_2","Evi Amelia SiahaanRatih PangestutiSe-Kwon Kim","2018","http://link.springer.com/chapter/10.1007/978-3-319-69075-9_2","Chapter"
"Codon Usage Pattern of Genes Involved in Central Nervous System","Molecular Neurobiology","","56","3","10.1007/s12035-018-1173-y","Arif UddinSupriyo Chakraborty","2019","http://link.springer.com/article/10.1007/s12035-018-1173-y","Article"
"Teaching Psychopharmacology for Undergraduates","International Handbook of Psychology Learning and Teaching","","","","10.1007/978-3-030-26248-8_35-1","Jennifer Juergensen McGee","2020","http://link.springer.com/referenceworkentry/10.1007/978-3-030-26248-8_35-1","ReferenceWorkEntry"
"9th International Conference on Frailty & Sarcopenia Research (ICFSR) February 20–22, 2019, Miami — USA","The Journal of Frailty & Aging","","8","1","10.14283/jfa.2019.1","","2019","http://link.springer.com/article/10.14283/jfa.2019.1","Article"
"Introduction","Fulfilling Ageing","","","","10.1007/978-3-030-60071-6_1","Marisa CordellaAldo Poiani","2021","http://link.springer.com/chapter/10.1007/978-3-030-60071-6_1","Chapter"
"A data science approach for reliable classification of neuro-degenerative diseases using gait patterns","Journal of Reliable Intelligent Environments","","6","4","10.1007/s40860-020-00114-1","Haya AlaskarAbir Jaafar HussainWasiq KhanHissam TawfikPip TrevorrowPanos LiatsisZohra Sbaï","2020","http://link.springer.com/article/10.1007/s40860-020-00114-1","Article"
"Inferential and Referential Lexical Competence","Brain and the Lexicon","","","","10.1007/978-3-030-27588-4_4","Fabrizio Calzavarini","2019","http://link.springer.com/chapter/10.1007/978-3-030-27588-4_4","Chapter"
"Cognitive Deficits in Multiple Sclerosis: Recent Advances in Treatment and Neurorehabilitation","Current Treatment Options in Neurology","","20","12","10.1007/s11940-018-0538-x","Arseny A. Sokolov MDPetr Grivaz PhDRiley Bove MD","2018","http://link.springer.com/article/10.1007/s11940-018-0538-x","Article"
"Ontology-Based Bibliometric Analysis of PubMed Publications Related to Cognitive Reserves","Digital Transformation and Global Society","","","","10.1007/978-3-030-65218-0_36","Maxim BakaevOlga Razumnikova","2020","http://link.springer.com/chapter/10.1007/978-3-030-65218-0_36","Chapter"
"Using Animal Models to Improve the Design and Application of Transcranial Electrical Stimulation in Humans","Current Behavioral Neuroscience Reports","","5","2","10.1007/s40473-018-0149-6","Carlos A. Sánchez-LeónClaudia AmmannJavier F. MedinaJavier Márquez-Ruiz","2018","http://link.springer.com/article/10.1007/s40473-018-0149-6","Article"
"An Alternative Potential Natural Genetic Resource: Sea Buckthorn [Elaeagnus rhamnoides (syn.: Hippophae rhamnoides)]","Global Perspectives on Underutilized Crops","","","","10.1007/978-3-319-77776-4_2","Wudeneh LetchamoMunir OzturkVolkan AltayMirza MusayevNazim A. MamedovKhalid Rehman Hakeem","2018","http://link.springer.com/chapter/10.1007/978-3-319-77776-4_2","Chapter"
"A Knowledge Representation Model for Studying Knowledge Creation, Usage, and Evolution","Diversity, Divergence, Dialogue","","","","10.1007/978-3-030-71292-1_9","Zhentao LiangFei LiuJin MaoKun Lu","2021","http://link.springer.com/chapter/10.1007/978-3-030-71292-1_9","Chapter"
"Spices: Secondary Metabolites and Medicinal Properties","Indian Spices","","","","10.1007/978-3-319-75016-3_10","T. John ZachariahN. K. Leela","2018","http://link.springer.com/chapter/10.1007/978-3-319-75016-3_10","Chapter"
"United States of America","The Statesman’s Yearbook 2018","","","","10.1007/978-1-349-70154-4_353","","2018","http://link.springer.com/referenceworkentry/10.1007/978-1-349-70154-4_353","ReferenceWorkEntry"
"United States of America","The Statesman’s Yearbook 2021","","","","10.1057/978-1-349-95972-3_195","","2021","http://link.springer.com/referenceworkentry/10.1057/978-1-349-95972-3_195","ReferenceWorkEntry"
"United States of America","The Statesman’s Yearbook 2019","","","","10.1007/978-1-349-95321-9_353","","2019","http://link.springer.com/referenceworkentry/10.1007/978-1-349-95321-9_353","ReferenceWorkEntry"
"United States of America","The Statesman’s Yearbook 2020","","","","10.1057/978-1-349-95940-2_200","","2020","http://link.springer.com/referenceworkentry/10.1057/978-1-349-95940-2_200","ReferenceWorkEntry"
"TEL Methods Used for the Learning of Clinical Neuroanatomy","Biomedical Visualisation","","","","10.1007/978-3-030-47483-6_4","Ahmad ElmansouriOlivia MurraySamuel HallScott Border","2020","http://link.springer.com/chapter/10.1007/978-3-030-47483-6_4","Chapter"
"Interactions between Medicine and the Arts","Wiener klinische Wochenschrift","","132","1","10.1007/s00508-020-01706-w","Wolfgang Schütz","2020","http://link.springer.com/article/10.1007/s00508-020-01706-w","Article"
"iPS Cell Cultures from a Gerstmann-Sträussler-Scheinker Patient with the Y218N PRNP Mutation Recapitulate tau Pathology","Molecular Neurobiology","","55","4","10.1007/s12035-017-0506-6","Andreu Matamoros-AnglesLucía Mayela GayossoYvonne Richaud-PatinAngelique di DomenicoCristina VergaraArnau HerveraAmaya SousaNatalia Fernández-BorgesAntonella ConsiglioRosalina GavínRakel López de MaturanaIsidro FerrerAdolfo López de MunainÁngel RayaJoaquín CastillaRosario Sánchez-Pernaute","2018","http://link.springer.com/article/10.1007/s12035-017-0506-6","Article"
"Heterotrophic Microalgal Cultivation","Bioreactors for Microbial Biomass and Energy Conversion","","","","10.1007/978-981-10-7677-0_4","Dillirani NagarajanDuu-Jong LeeJo-shu Chang","2018","http://link.springer.com/chapter/10.1007/978-981-10-7677-0_4","Chapter"
"Low-Rank Representation for Multi-center Autism Spectrum Disorder Identification","Medical Image Computing and Computer Assisted Intervention – MICCAI 2018","","","","10.1007/978-3-030-00928-1_73","Mingliang WangDaoqiang ZhangJiashuang HuangDinggang ShenMingxia Liu","2018","http://link.springer.com/chapter/10.1007/978-3-030-00928-1_73","Chapter"
"A “Brief” History of the Psychology of Autobiographical Memory","The Psychology of Autobiographical Memory","","","","10.1007/978-3-030-69571-2_2","Igor Sotgiu","2021","http://link.springer.com/chapter/10.1007/978-3-030-69571-2_2","Chapter"
"Biomarkers of Disease Progression","Progressive Multiple Sclerosis","","","","10.1007/978-3-319-65921-3_6","Axel Petzold","2018","http://link.springer.com/chapter/10.1007/978-3-319-65921-3_6","Chapter"
"Shati/Nat8l and N-acetylaspartate (NAA) Have Important Roles in Regulating Nicotinic Acetylcholine Receptors in Neuronal and Psychiatric Diseases in Animal Models and Humans","Nicotinic Acetylcholine Receptor Signaling in Neuroprotection","","","","10.1007/978-981-10-8488-1_6","Atsumi NittaHiroshi NoikeKazuyuki SumiHajime MiyanishiTakuya TanakaKazuya TakaokaMiyuki NagakuraNoriyuki IegakiJin-ichiro KajiYoshiaki MiyamotoShin-Ichi MuramatsuKyosuke Uno","2018","http://link.springer.com/chapter/10.1007/978-981-10-8488-1_6","Chapter"
"Refined composite multiscale fuzzy entropy: Localized defect detection of rolling element bearing","Journal of Mechanical Science and Technology","","33","1","10.1007/s12206-018-1211-8","Yongjian LiBingrong MiaoWeihua ZhangPeng ChenJihua LiuXiaoliang Jiang","2019","http://link.springer.com/article/10.1007/s12206-018-1211-8","Article"
"Magnetic Fluids and Their Complex Systems","Modern Problems of Molecular Physics","","","","10.1007/978-3-319-61109-9_8","Peter KopcanskyMilan TimkoMartina KonerackaVlasta ZavisovaMartina KubovcikovaMatus MolcanLucia BalejcikovaNatalia TomasovicovaMichal RajnakVeronika Gdovinova","2018","http://link.springer.com/chapter/10.1007/978-3-319-61109-9_8","Chapter"
"Azelnidipine Ameliorates Dementia in Streptozotocin Treated Rats: Interplay between Oxidative Stress and Calcium","Neurochemical Journal","","13","3","10.1134/S1819712419030139","Pardeep SinghManish KumarNitin Bansal","2019","http://link.springer.com/article/10.1134/S1819712419030139","Article"
"Adaptive Neuro-Fuzzy Inference System-Based Chaotic Swarm Intelligence Hybrid Model for Recognition of Mild Cognitive Impairment from Resting-State fMRI","Predictive Intelligence in Medicine","","","","10.1007/978-3-030-32281-6_3","Ahmed M. AnterZhiguo Zhang","2019","http://link.springer.com/chapter/10.1007/978-3-030-32281-6_3","Chapter"
"Meeting abstracts from the 9th International Conference on cGMP: Generators, Effectors and Therapeutic Implications","Journal of Translational Medicine","","17","2","10.1186/s12967-019-1994-0","","2019","http://link.springer.com/article/10.1186/s12967-019-1994-0","Article"
"Therapeutic antibody targeting microtubule-binding domain prevents neuronal internalization of extracellular tau via masking neuron surface proteoglycans","Acta Neuropathologica Communications","","7","1","10.1186/s40478-019-0770-y","Petronela WeisováOndrej CehlárRostislav ŠkrabanaMonika ŽilkováPeter FilipčíkBranislav KováčechMichal PrčinaĽubica WojčiakováĽubica FialováTomáš SmolekEva KontsekováNorbert ŽilkaMichal Novák","2019","http://link.springer.com/article/10.1186/s40478-019-0770-y","Article"
"Prevention of multiple system atrophy using human bone marrow-derived mesenchymal stem cells by reducing polyamine and cholesterol-induced neural damages","Stem Cell Research & Therapy","","11","1","10.1186/s13287-020-01590-1","Kyung-Ran ParkChul Ju HwangHyung-Mun YunIn Jun YeoDong-Young ChoiPil-Hoon ParkHyung Sook KimJung Tae LeeYoung Suk JungSang-Bae HanJin Tae Hong","2020","http://link.springer.com/article/10.1186/s13287-020-01590-1","Article"
"Knowledge Representation and Ontologies","Clinical Research Informatics","","","","10.1007/978-3-319-98779-8_15","Kin Wah Fung MD, MS, MAOlivier Bodenreider MD, PhD","2019","http://link.springer.com/chapter/10.1007/978-3-319-98779-8_15","Chapter"
"Aspalathin: a rare dietary dihydrochalcone from Aspalathus linearis (rooibos tea)","Phytochemistry Reviews","","","","10.1007/s11101-021-09741-9","Sushil K. ChaudharyMaxleene SandasiFelix MakoloFanie R. van HeerdenAlvaro M. Viljoen","2021","http://link.springer.com/article/10.1007/s11101-021-09741-9","Article"
"Peroxiredoxin 6 mediates protective function of astrocytes in Aβ proteostasis","Molecular Neurodegeneration","","15","1","10.1186/s13024-020-00401-8","Joanna E. PankiewiczJenny R. DiazMitchell Martá-ArizaAnita M. LizińczykLeor A. FrancoMartin J. Sadowski","2020","http://link.springer.com/article/10.1186/s13024-020-00401-8","Article"
"Systematic Review of Real-time Remote Health Monitoring System in Triage and Priority-Based Sensor Technology: Taxonomy, Open Challenges, Motivation and Recommendations","Journal of Medical Systems","","42","5","10.1007/s10916-018-0943-4","O. S. AlbahriA. S. AlbahriK. I. MohammedA. A. ZaidanB. B. ZaidanM. HashimOmar H. Salman","2018","http://link.springer.com/article/10.1007/s10916-018-0943-4","Article"
"Automatic Assistance to Cognitive Disabled Web Users via Reinforcement Learning on the Browser","Computers Helping People with Special Needs","","","","10.1007/978-3-030-58805-2_8","Tomas Murillo-MoralesPeter HeumaderKlaus Miesenberger","2020","http://link.springer.com/chapter/10.1007/978-3-030-58805-2_8","Chapter"
"Stress About Stressors: What Are Key Inflection Points?","Compassionate Management of Mental Health in the Modern Workplace","","","","10.1007/978-3-319-71541-4_6","John A. QuelchCarin-Isabel Knoop","2018","http://link.springer.com/chapter/10.1007/978-3-319-71541-4_6","Chapter"
"Enhanced axonal response of mitochondria to demyelination offers neuroprotection: implications for multiple sclerosis","Acta Neuropathologica","","140","2","10.1007/s00401-020-02179-x","Simon Licht-MayerGraham R. CampbellMarco CanizaresArpan R. MehtaAngus B. GaneKatie McGillAniket GhoshAlexander FullertonNiels MenezesJasmine DeanJordon DunhamSarah Al-AzkiGareth PryceStephanie ZandeeChao ZhaoMarkus Kipp","2020","http://link.springer.com/article/10.1007/s00401-020-02179-x","Article"
"Cannabinoid-Based Therapies and Brain Development: Potential Harmful Effect of Early Modulation of the Endocannabinoid System","CNS Drugs","","32","8","10.1007/s40263-018-0550-4","Patrícia SchonhofenIvi Juliana BristotJosé Alexandre CrippaJaime Eduardo Cecílio HallakAntônio Waldo ZuardiRichard B. ParsonsFábio Klamt","2018","http://link.springer.com/article/10.1007/s40263-018-0550-4","Article"
"Perhydroxyl Radical (HO2•) as Inducer of the Isoprostane Lipid Peroxidation in Mitochondria","Molecular Biology","","52","3","10.1134/S0026893318020097","A. Panov","2018","http://link.springer.com/article/10.1134/S0026893318020097","Article"
"Mitochondrial Dysfunction in Stroke: Implications of Stem Cell Therapy","Translational Stroke Research","","10","2","10.1007/s12975-018-0642-y","Deepaneeta SarmahHarpreet KaurJackson SarafKanchan VatsKanta PravalikaMadhuri WanveKiran KaliaAnupom BorahAkhilesh KumarXin WangDileep R. YavagalKunjan R. DavePallab Bhattacharya","2019","http://link.springer.com/article/10.1007/s12975-018-0642-y","Article"
"Intrinsically Disordered Regions in Serum Albumin: What Are They For?","Cell Biochemistry and Biophysics","","76","1 - 2","10.1007/s12013-017-0785-6","Ekaterina A. LitusSergei E. PermyakovVladimir N. UverskyEugene A. Permyakov","2018","http://link.springer.com/article/10.1007/s12013-017-0785-6","Article"
"Minerals","Principles of Food Chemistry","","","","10.1007/978-3-319-63607-8_5","John W. FinleyJohn M. deMan","2018","http://link.springer.com/chapter/10.1007/978-3-319-63607-8_5","Chapter"
"Developing and Authoring an IME Report","Independent Medical Evaluation","","","","10.1007/978-3-319-71906-1_9","Douglas W. Martin MD","2018","http://link.springer.com/chapter/10.1007/978-3-319-71906-1_9","Chapter"
"The Marine-Derived Filamentous Fungi in Biotechnology","Grand Challenges in Marine Biotechnology","","","","10.1007/978-3-319-69075-9_4","Rosario NicolettiAnna Andolfi","2018","http://link.springer.com/chapter/10.1007/978-3-319-69075-9_4","Chapter"
"UES Restrictive Disorders","Gastrointestinal Motility Disorders","","","","10.1007/978-3-319-59352-4_7","Ling Mei M.D.Patrick Sanvanson M.D.","2018","http://link.springer.com/chapter/10.1007/978-3-319-59352-4_7","Chapter"